,SocioEcon,GoodStudent,Age,RiskAversion,VehicleYear,Accident,ThisCarDam,RuggedAuto,MakeModel,Antilock,Mileage,DrivQuality,DrivingSkill,SeniorTrain,ThisCarCost,CarValue,Theft,AntiTheft,HomeBase,OtherCarCost,PropCost,OtherCar,MedCost,Cushioning,Airbag,ILiCost,DrivHist
0,2,1,1,2,0,0,0,0,1,1,2,1,1,1,0,1,1,0,0,0,0,0,0,1,0,0,0
1,0,0,0,1,1,0,0,0,1,1,2,1,1,1,0,1,1,1,1,0,0,1,0,0,1,0,1
2,0,1,1,3,1,0,0,0,1,1,2,2,1,1,0,0,1,0,3,0,1,0,0,0,1,0,0
3,0,1,2,2,1,3,3,0,1,1,2,1,1,1,1,0,1,1,1,2,2,1,2,1,1,0,0
4,0,1,1,2,1,0,0,0,1,1,3,1,1,1,0,0,1,1,3,0,1,0,0,0,1,0,0
5,0,1,0,1,1,0,0,0,1,1,0,1,1,1,0,1,1,1,1,0,0,1,0,0,1,0,1
6,1,1,1,2,1,0,0,0,1,1,0,1,1,1,0,1,1,0,2,0,0,1,0,0,1,0,0
7,1,1,2,2,0,0,0,1,1,1,2,2,2,0,0,1,1,0,2,0,0,0,0,2,0,0,0
8,0,1,1,3,1,0,0,2,2,1,0,0,0,1,0,0,1,1,3,0,0,0,0,3,1,0,1
9,2,1,1,2,0,3,3,1,3,0,2,1,1,1,2,3,1,1,0,1,3,0,0,2,0,0,0
10,0,1,2,3,1,0,0,1,1,1,1,2,2,0,0,0,1,0,1,0,0,0,0,2,1,0,0
11,2,1,2,2,0,0,0,1,2,1,1,1,1,0,0,2,1,0,3,0,0,0,0,2,0,0,0
12,0,1,2,3,1,0,0,0,1,1,1,1,1,0,0,0,1,0,1,0,1,1,0,0,1,0,0
13,0,1,2,1,1,0,0,0,1,1,1,2,2,1,0,1,1,1,1,0,1,0,0,1,1,0,2
14,0,1,0,1,1,0,0,1,2,1,3,1,1,1,0,0,1,1,1,0,0,1,0,1,1,0,1
15,0,1,0,1,1,0,0,1,2,1,0,1,1,1,0,2,1,1,1,0,0,1,0,1,1,0,2
16,0,1,1,2,1,0,0,2,2,1,0,1,1,1,0,2,1,1,1,0,0,0,0,2,1,0,0
17,1,1,1,3,1,3,3,1,2,1,2,0,0,1,1,1,1,0,0,1,1,0,1,1,1,0,2
18,2,1,2,2,1,0,0,0,0,1,0,1,1,1,0,1,1,1,0,0,0,0,0,1,1,0,0
19,0,1,1,3,1,0,0,0,0,1,1,0,0,1,0,2,1,0,1,0,0,0,0,0,1,0,1
20,0,1,1,3,1,0,0,0,0,1,1,0,0,1,0,2,1,0,1,0,1,0,0,0,1,0,0
21,0,1,0,1,1,0,0,1,2,1,2,2,1,1,0,0,1,1,3,0,1,0,0,0,1,0,2
22,0,1,1,2,1,3,3,0,1,1,2,0,0,1,1,0,1,1,1,1,2,0,1,0,1,0,2
23,0,1,2,3,1,0,0,0,0,1,2,2,2,0,0,0,1,0,1,0,0,1,0,0,1,0,0
24,1,1,0,2,1,0,0,2,2,1,1,1,1,1,0,0,1,1,3,0,0,0,0,3,0,0,0
25,1,1,1,1,1,0,0,2,2,1,3,1,1,1,0,0,1,1,3,0,1,0,0,3,0,0,1
26,0,1,1,2,1,0,0,0,1,1,0,0,0,1,0,1,1,1,1,0,0,1,0,1,1,0,2
27,0,1,2,2,1,0,0,0,1,1,3,1,1,1,0,0,1,1,1,0,1,1,0,0,1,0,1
28,1,1,0,1,1,3,1,2,2,1,1,0,0,1,0,0,1,1,2,1,1,0,0,2,1,1,2
29,0,1,1,3,1,0,0,0,1,1,2,1,1,1,0,0,1,0,3,0,0,1,0,0,0,0,0
30,1,1,1,1,1,0,0,0,0,1,1,1,1,1,0,2,1,1,1,0,1,0,0,0,1,0,0
31,0,1,1,2,1,0,0,0,1,1,1,2,2,1,0,0,1,0,1,0,1,0,0,1,1,0,0
32,1,1,1,2,1,0,0,0,0,0,0,1,1,1,0,2,1,1,0,0,0,0,0,1,1,0,0
33,0,1,1,2,1,0,0,0,1,1,0,0,0,1,0,1,1,1,1,0,0,0,0,0,1,0,2
34,2,1,1,3,0,0,0,1,3,0,2,2,1,1,0,3,1,0,0,0,0,0,0,3,0,0,0
35,0,1,1,3,1,3,3,0,1,1,3,0,0,1,1,0,1,0,3,2,2,1,1,0,1,2,0
36,1,1,2,3,0,0,0,0,1,1,1,1,1,0,0,1,1,0,0,0,0,0,0,2,0,0,0
37,0,1,2,3,1,0,0,0,1,1,1,2,1,0,0,0,1,0,1,0,1,1,0,1,1,0,0
38,1,1,1,3,1,0,0,1,2,1,2,0,0,1,0,0,1,0,0,0,1,0,0,2,1,0,1
39,0,1,2,3,1,0,0,0,1,1,2,2,1,0,0,0,1,0,1,0,0,1,0,0,1,0,0
40,1,1,1,3,1,0,0,2,2,1,0,1,1,1,0,0,1,0,3,0,1,0,0,2,1,0,0
41,1,1,1,2,1,1,1,0,1,1,1,0,0,1,0,0,1,0,2,0,0,0,0,0,1,0,1
42,2,1,1,2,0,3,3,0,0,0,1,0,0,1,2,2,1,0,0,2,3,0,0,1,0,0,2
43,2,1,1,0,0,2,2,0,2,0,3,0,0,1,2,2,1,1,1,1,2,0,0,2,0,1,2
44,2,1,2,3,0,0,0,2,2,1,2,1,1,0,0,2,1,0,0,0,0,0,0,3,0,0,0
45,2,0,0,1,0,0,0,0,0,0,1,0,0,1,0,2,1,1,2,0,0,0,0,0,0,0,2
46,2,1,0,2,0,0,0,1,2,1,3,1,1,1,0,2,1,1,0,0,1,0,0,1,0,0,0
47,0,1,0,2,1,3,3,1,1,1,1,0,0,1,1,1,1,1,1,2,2,0,1,1,1,0,2
48,1,1,0,1,1,2,3,0,0,1,2,0,0,1,1,1,1,1,3,0,1,1,0,1,1,0,2
49,0,1,1,2,1,1,1,0,0,1,1,0,0,1,0,1,1,1,1,0,0,1,0,1,1,0,1
50,0,1,1,2,1,2,2,1,2,1,2,0,0,1,1,1,1,1,1,0,1,1,0,1,1,0,2
51,0,1,1,2,1,0,0,0,1,1,1,1,1,1,0,0,1,0,1,0,0,1,0,1,1,0,0
52,1,1,0,2,0,0,0,1,2,1,2,1,1,1,0,2,1,0,0,0,0,1,0,2,0,0,0
53,2,1,1,2,0,0,0,1,2,1,2,2,2,1,0,2,1,1,0,0,0,0,0,3,0,0,0
54,1,1,1,2,1,1,1,0,0,1,0,1,1,1,0,2,1,1,2,0,1,0,0,1,1,0,0
55,1,1,0,1,1,3,3,1,2,1,1,0,0,1,1,1,1,1,2,1,2,1,0,1,1,2,2
56,1,1,2,3,0,0,0,0,0,0,2,1,1,0,0,3,1,0,0,0,0,0,0,0,0,0,0
57,2,1,0,2,0,0,0,1,3,0,1,1,1,1,0,3,1,0,2,0,1,0,0,3,0,0,0
58,1,1,1,2,0,2,3,0,2,1,1,0,0,1,2,2,1,0,3,0,2,0,0,1,0,0,2
59,2,1,2,2,1,1,1,1,3,1,1,1,1,1,0,2,1,0,0,0,0,0,0,2,0,0,0
60,1,1,0,2,1,0,0,1,1,1,0,0,0,1,0,1,1,1,0,0,1,1,0,1,1,0,2
61,0,1,1,1,1,0,0,0,1,1,2,1,1,1,0,0,1,1,1,0,0,1,0,0,1,0,0
62,0,1,2,1,1,0,0,0,1,1,2,2,1,1,0,0,1,1,1,0,1,0,0,0,1,0,2
63,0,1,0,2,0,0,0,1,1,1,1,1,1,1,0,2,1,1,1,0,1,0,0,2,0,0,0
64,0,1,2,1,0,3,3,1,1,1,1,0,0,1,1,1,1,1,1,1,1,1,1,2,0,0,1
65,1,1,2,2,0,0,0,1,2,1,1,1,1,1,0,2,1,0,2,0,0,0,0,2,0,0,0
66,1,1,1,3,1,0,0,2,2,1,2,1,1,1,0,0,1,0,0,0,0,0,0,2,1,0,1
67,0,1,1,2,1,0,0,0,1,1,0,1,1,1,0,1,1,1,1,0,0,1,0,1,1,0,0
68,0,1,1,1,0,0,0,0,1,1,3,2,1,1,0,1,1,1,3,0,0,1,0,0,0,0,0
69,0,1,1,2,1,0,0,0,1,1,1,1,1,1,0,1,1,1,1,0,0,1,0,0,1,0,2
70,0,1,2,2,1,1,1,0,1,1,2,0,0,1,0,0,1,1,1,0,0,0,0,1,1,0,2
71,0,1,1,1,1,0,0,1,2,1,2,2,2,1,0,0,1,1,1,0,1,1,0,1,1,0,0
72,0,1,1,2,0,0,0,1,1,1,1,2,2,1,0,2,1,1,1,0,1,1,0,2,0,0,0
73,0,1,2,3,1,0,0,0,1,1,1,1,1,0,0,1,1,0,1,0,0,0,0,0,1,0,0
74,1,1,1,1,0,2,2,0,1,1,2,0,0,1,1,1,1,1,2,0,1,1,1,0,0,0,2
75,2,1,1,3,0,0,0,0,0,1,1,1,1,1,0,2,1,0,0,0,0,0,0,2,0,0,0
76,1,1,2,3,0,0,0,1,2,1,1,2,1,0,0,2,1,0,0,0,0,0,0,2,0,0,0
77,1,1,1,2,1,2,3,0,1,1,2,0,0,1,1,0,1,1,2,0,1,1,1,1,0,0,2
78,1,1,0,2,1,2,2,1,2,1,2,0,0,1,0,0,1,0,0,0,0,0,0,2,0,0,2
79,0,1,2,2,1,0,0,0,1,1,1,2,2,0,0,0,1,1,1,0,1,1,0,0,1,0,0
80,1,1,1,3,0,0,0,0,0,0,1,1,1,1,0,2,1,0,0,0,0,0,0,0,0,0,0
81,0,1,1,3,1,0,0,0,1,1,2,2,2,1,0,0,1,0,1,0,0,0,0,1,1,0,0
82,1,1,1,0,1,2,1,1,2,1,1,0,0,1,0,2,1,1,1,2,2,1,0,1,1,0,2
83,1,1,1,1,1,2,3,0,0,1,1,0,0,1,1,1,1,1,3,0,1,1,0,0,1,0,2
84,1,1,1,2,1,0,0,0,0,1,1,1,1,1,0,1,1,1,0,0,1,1,0,0,1,0,0
85,1,1,1,2,1,0,0,0,1,1,2,1,1,1,0,0,1,1,2,0,0,0,0,0,1,0,0
86,2,1,1,3,1,0,0,1,2,1,1,1,1,1,0,1,1,0,0,0,0,0,0,2,1,0,0
87,2,1,0,1,0,3,3,0,0,0,3,1,1,1,2,2,1,1,2,0,2,0,0,0,0,1,2
88,2,1,0,2,1,2,1,1,2,1,3,0,0,1,0,0,1,0,0,2,2,0,0,1,1,0,1
89,1,0,0,2,1,2,2,1,2,1,2,0,0,1,1,0,1,1,0,2,2,0,0,1,1,0,2
90,1,1,1,2,1,0,0,1,2,1,2,1,1,1,0,1,1,1,2,0,0,0,0,1,1,0,0
91,1,1,1,2,1,1,1,0,1,1,2,0,0,1,0,0,1,1,0,0,0,1,0,0,1,0,2
92,2,1,1,1,0,0,0,0,0,0,2,1,1,1,0,2,1,1,1,0,0,0,0,0,0,0,0
93,2,1,1,2,0,1,0,2,3,0,2,1,1,1,0,3,1,0,0,0,0,1,0,3,0,0,0
94,1,1,1,2,0,0,0,2,2,1,2,2,2,1,0,2,1,0,0,0,1,0,0,3,0,0,0
95,1,1,1,2,1,0,0,1,2,1,1,1,1,1,0,2,1,1,2,0,1,1,0,2,1,0,0
96,1,1,1,2,1,1,1,0,1,1,2,0,0,1,0,0,1,1,2,0,1,0,2,0,1,0,1
97,0,1,1,2,1,0,0,0,1,1,1,1,1,1,0,0,1,1,3,0,0,1,0,1,1,0,0
98,2,1,1,2,0,0,0,1,3,0,2,0,0,1,0,3,1,0,0,0,0,0,0,2,0,0,2
99,1,1,1,2,1,0,0,1,2,1,2,1,1,1,0,1,1,1,2,0,0,0,0,2,1,0,0
100,2,1,1,2,0,0,0,2,3,0,1,0,0,1,0,3,1,0,0,0,1,0,0,3,0,0,2
101,0,1,1,1,0,3,3,0,1,1,1,0,1,1,1,1,1,1,1,0,1,1,0,0,0,0,1
102,0,1,2,2,1,0,0,2,2,1,1,2,2,0,0,2,1,1,1,0,0,1,0,2,1,0,0
103,0,1,2,2,1,0,0,0,1,1,2,1,1,1,0,0,1,1,1,0,0,1,0,0,1,0,2
104,1,1,1,2,1,0,0,1,2,1,3,1,1,1,0,0,1,1,2,0,0,0,0,2,1,0,0
105,2,1,2,2,0,0,0,0,0,0,2,2,2,1,0,1,1,1,2,0,1,1,0,1,0,0,0
106,2,0,0,3,0,3,3,1,2,1,2,0,0,1,2,2,1,0,0,0,2,1,0,3,0,1,1
107,1,1,1,2,0,0,0,1,2,1,0,1,1,1,0,2,1,1,2,0,0,1,0,3,0,0,0
108,2,1,1,1,0,0,0,2,3,0,1,1,1,1,0,3,1,1,1,0,1,0,0,3,0,0,0
109,0,1,1,1,1,0,0,0,1,1,1,0,0,1,0,1,1,1,1,0,1,1,0,0,1,0,2
110,1,1,1,2,1,0,0,1,2,1,3,1,1,1,0,0,1,1,2,0,1,1,0,1,1,0,0
111,0,1,2,3,0,0,0,0,1,1,2,2,1,0,0,0,1,0,3,0,0,1,0,0,0,0,0
112,1,1,1,3,1,0,0,2,2,1,1,1,1,1,0,0,1,0,0,0,0,0,0,3,1,0,0
113,2,1,0,3,0,0,0,0,2,0,2,2,1,1,0,1,1,0,0,0,0,0,0,1,0,0,0
114,2,1,1,3,0,0,0,2,3,0,0,0,0,1,0,3,1,0,0,0,1,0,0,3,0,0,2
115,0,1,1,1,1,3,3,0,1,1,3,0,1,1,1,0,1,1,1,2,2,0,0,1,1,1,1
116,1,1,1,2,1,1,1,1,2,1,2,0,0,1,0,0,1,1,0,0,1,1,0,1,1,0,2
117,1,1,0,2,1,0,0,0,1,1,1,1,1,1,0,0,1,1,0,0,1,0,0,0,1,0,2
118,0,1,0,1,1,0,0,0,1,1,1,2,1,1,0,1,1,1,1,0,0,1,0,0,1,0,2
119,1,1,2,2,1,0,0,2,2,1,2,1,1,0,0,0,1,1,2,0,0,1,0,2,1,0,0
120,0,1,2,3,1,3,3,0,1,1,1,0,0,0,1,0,1,0,1,1,1,0,0,1,1,0,1
121,2,1,2,2,0,0,0,1,2,1,1,0,0,1,0,2,1,0,0,0,0,0,0,2,0,0,2
122,1,1,1,3,0,2,2,2,2,0,1,0,0,1,2,2,1,0,0,0,2,0,0,3,0,0,1
123,0,1,1,1,1,0,0,0,1,1,2,2,1,1,0,0,1,1,1,0,0,1,0,0,1,0,1
124,1,1,0,1,1,0,0,1,2,1,1,1,1,1,0,0,1,1,2,0,0,0,0,2,1,0,0
125,1,1,0,1,0,0,0,1,2,1,2,1,1,1,0,2,1,1,2,0,0,1,0,2,0,0,1
126,1,1,2,2,1,3,3,0,1,1,2,0,0,1,1,0,1,1,2,2,2,0,3,0,1,1,2
127,0,1,1,2,1,0,0,0,0,1,2,1,1,1,0,2,1,1,1,0,1,0,0,1,1,0,0
128,1,1,1,2,1,0,0,0,0,1,2,1,1,1,0,2,1,1,2,0,1,0,0,0,1,0,0
129,1,1,1,2,0,0,0,1,2,0,1,1,1,1,0,2,1,1,2,0,1,0,0,3,0,0,0
130,1,1,1,1,1,0,0,1,2,1,0,2,1,1,0,1,1,1,2,0,0,0,0,3,0,0,0
131,1,1,0,2,0,0,0,0,2,1,3,1,1,1,0,2,1,0,2,0,1,0,0,0,0,0,0
132,1,1,1,2,1,0,0,1,2,1,3,2,2,1,0,0,1,1,3,0,1,0,0,2,1,0,0
133,0,1,1,2,1,0,0,0,1,1,3,1,1,1,0,0,1,1,1,0,0,1,0,0,1,0,0
134,0,1,2,3,1,3,3,2,2,1,2,0,0,1,1,0,1,0,1,1,2,0,0,3,1,0,0
135,1,1,1,2,1,0,0,0,1,1,1,2,2,1,0,1,1,1,2,0,0,0,0,1,1,0,0
136,0,1,1,3,1,0,0,0,0,1,2,2,1,1,0,0,1,0,1,0,0,1,0,1,1,0,0
137,2,1,2,1,0,0,0,0,3,0,1,1,1,1,0,3,1,1,2,0,0,0,0,1,0,0,0
138,2,1,1,2,1,0,0,2,3,1,1,1,1,1,0,2,1,0,2,0,0,1,0,3,0,0,1
139,1,1,1,3,1,0,0,0,2,1,2,1,1,1,0,0,1,0,0,0,0,0,0,2,0,0,0
140,2,1,2,1,0,3,3,1,1,1,1,0,0,1,1,1,1,1,1,1,2,0,0,3,0,0,2
141,2,1,0,2,0,0,0,2,3,0,2,0,0,1,0,3,1,0,2,0,0,0,0,3,0,0,2
142,2,1,1,2,0,0,0,1,3,0,1,1,1,1,0,3,1,0,2,0,0,1,0,3,0,0,0
143,1,1,1,3,0,0,0,0,0,0,1,1,1,1,0,2,1,0,0,0,0,0,0,1,0,0,0
144,0,1,1,2,1,0,0,0,1,1,1,1,1,1,0,1,1,1,2,0,1,1,0,0,1,0,0
145,0,1,1,3,1,0,0,0,1,1,0,0,0,1,0,1,1,0,1,0,0,0,0,0,1,0,0
146,1,1,1,2,1,0,0,0,1,1,2,1,1,1,0,0,1,1,2,0,0,0,0,0,1,0,0
147,2,1,2,3,0,0,0,1,2,1,0,1,1,0,0,2,1,0,0,0,0,0,0,2,0,0,0
148,0,1,2,2,1,3,3,1,1,1,1,0,0,1,1,0,1,0,1,0,1,0,0,2,1,1,2
149,0,1,1,2,1,1,1,0,1,1,2,0,0,1,0,0,1,1,3,0,0,0,0,1,0,0,2
150,0,1,1,2,1,0,0,0,1,1,2,1,1,1,0,0,1,1,1,0,0,0,0,1,1,0,0
151,1,1,1,1,1,0,0,0,0,1,1,2,1,1,0,2,1,1,1,0,1,0,0,0,1,0,0
152,2,1,2,3,0,0,0,1,3,0,1,2,2,0,0,3,1,0,0,0,0,0,0,2,0,0,0
153,0,1,1,2,1,3,3,0,0,1,2,0,0,1,1,1,1,1,1,2,2,1,3,0,1,0,2
154,1,1,1,3,1,2,2,0,1,1,2,0,0,1,1,0,1,0,0,0,1,0,3,0,1,0,0
155,1,1,0,1,1,1,0,2,2,1,1,0,0,1,0,1,1,1,1,0,1,1,0,3,1,0,2
156,0,1,0,3,0,0,0,2,2,1,2,0,0,1,0,1,1,0,1,0,0,0,0,3,0,0,1
157,0,1,2,2,1,0,0,0,1,1,1,1,1,1,0,0,1,1,1,0,1,1,0,0,1,0,0
158,0,1,1,3,1,0,0,0,0,0,2,0,0,1,0,2,1,0,1,0,1,0,0,0,1,0,1
159,0,1,1,3,1,0,0,0,0,1,3,1,1,1,0,0,1,0,1,0,0,0,0,0,1,0,0
160,2,1,1,3,0,1,1,1,2,0,2,1,1,1,0,2,1,0,0,0,0,0,0,2,0,0,0
161,0,1,1,1,1,0,0,0,1,1,1,2,2,1,0,0,1,1,1,0,1,1,0,0,1,0,0
162,3,1,1,1,0,1,1,0,0,0,2,0,0,1,0,2,1,0,0,0,0,0,0,1,0,0,2
163,0,1,0,1,1,0,0,0,1,1,3,2,2,1,0,0,1,1,1,0,0,1,0,0,1,0,0
164,1,1,2,3,1,0,0,1,2,1,2,2,2,0,0,0,1,0,0,0,0,1,0,2,1,0,0
165,1,1,1,2,0,0,0,1,1,1,2,1,1,1,0,1,1,1,0,0,0,0,0,2,0,0,0
166,0,1,2,2,1,3,3,0,0,1,1,0,0,1,2,2,1,1,1,2,2,1,0,0,1,0,2
167,2,0,0,3,0,0,0,1,2,0,1,2,2,1,0,2,1,0,0,0,0,0,0,2,0,0,0
168,0,1,1,3,0,0,0,0,1,1,1,1,1,1,0,1,1,0,1,0,1,1,0,0,0,0,0
169,1,1,1,3,0,0,0,0,2,0,1,1,1,1,0,2,1,0,0,0,0,0,0,1,0,0,0
170,1,1,2,2,0,0,0,1,2,1,1,1,1,0,0,2,1,1,0,0,0,0,0,2,0,0,0
171,2,1,0,3,0,0,0,1,3,0,1,2,2,1,0,3,1,0,0,0,0,0,0,3,0,0,0
172,0,1,0,1,1,0,0,0,1,1,1,0,1,1,0,1,1,1,3,0,1,0,0,0,1,0,2
173,0,1,2,1,1,1,1,0,1,1,2,0,0,1,0,0,1,1,1,0,1,1,0,0,1,0,2
174,1,1,1,2,0,0,0,0,0,0,1,0,0,1,0,2,1,1,0,0,1,0,0,2,0,0,2
175,1,1,1,1,1,0,0,0,2,1,1,1,1,1,0,1,1,1,1,0,1,0,0,1,1,0,1
176,1,1,1,3,1,0,0,2,2,1,3,1,1,1,0,0,1,0,0,0,0,0,0,2,1,0,0
177,0,1,1,1,1,0,0,0,1,1,2,2,2,1,0,0,1,1,1,0,1,0,0,0,1,0,0
178,0,1,0,3,1,0,0,0,1,1,0,1,1,1,0,1,1,0,3,0,0,1,0,0,1,0,0
179,0,1,1,2,1,0,0,0,1,1,1,1,1,1,0,0,1,1,1,0,0,0,0,0,1,0,0
180,0,1,1,3,0,0,0,1,1,1,2,1,1,1,0,0,1,0,1,0,0,0,0,3,0,0,0
181,1,1,1,2,1,3,3,1,2,1,2,0,0,1,1,0,1,1,2,2,2,0,0,1,1,0,2
182,1,1,1,1,1,0,0,1,2,1,2,1,1,1,0,0,1,1,2,0,1,0,0,2,1,0,1
183,0,1,2,1,1,0,0,0,1,1,0,0,1,1,0,1,1,1,1,0,0,0,0,1,1,0,1
184,0,1,1,3,1,0,0,0,1,1,2,1,1,1,0,0,1,0,1,0,0,0,0,0,1,0,0
185,2,1,2,2,1,0,0,2,3,1,2,0,0,1,0,3,1,0,0,0,0,0,0,2,1,0,2
186,2,1,2,3,1,0,0,1,3,1,2,1,1,0,0,3,1,0,0,0,0,0,0,0,1,0,0
187,0,1,1,2,0,0,0,1,1,1,1,1,1,1,0,1,1,1,1,0,0,1,0,2,0,0,0
188,0,1,1,2,1,0,0,0,1,1,1,1,1,1,0,0,1,1,1,0,0,1,0,1,1,0,0
189,0,1,0,1,1,0,0,0,1,1,2,0,1,1,0,0,1,1,1,0,0,1,0,0,1,0,2
190,2,1,1,3,0,1,1,2,3,0,2,0,0,1,0,3,1,0,0,0,0,0,0,3,0,0,2
191,1,1,1,3,0,0,0,1,2,0,2,2,2,1,0,2,1,0,0,0,0,0,0,2,0,0,0
192,1,1,1,1,1,0,0,1,2,1,0,0,1,1,0,0,1,1,2,0,0,0,0,2,0,0,0
193,0,1,2,2,0,3,3,1,1,1,3,0,0,1,1,0,1,1,1,1,1,1,2,2,0,0,2
194,0,1,1,2,1,0,0,0,1,1,1,1,1,1,0,0,1,1,1,0,0,1,0,0,1,0,0
195,1,1,0,1,1,3,3,0,1,1,2,0,0,1,0,0,1,1,2,0,0,1,3,0,1,0,2
196,2,1,1,2,0,0,0,1,3,0,1,1,1,1,0,3,1,0,0,0,1,0,0,2,0,0,0
197,0,1,1,1,1,0,0,0,1,1,0,1,1,1,0,0,1,1,1,0,1,1,0,0,0,0,1
198,1,1,1,2,1,0,0,1,2,1,1,1,1,1,0,1,1,1,0,0,1,0,0,1,0,0,0
199,2,1,2,3,0,0,0,0,0,0,3,1,1,0,0,2,1,0,0,0,0,0,0,0,0,0,0
200,0,1,1,2,1,0,0,0,1,1,1,1,1,1,0,0,1,1,1,0,0,1,0,1,1,0,0
201,0,1,0,2,1,0,0,0,1,1,1,1,1,1,0,0,1,1,3,0,0,1,0,0,1,0,0
202,0,1,1,0,1,3,3,0,1,1,3,0,1,1,1,0,1,1,3,1,2,1,2,0,1,0,0
203,2,1,1,2,0,0,0,0,0,0,1,2,2,1,0,3,1,0,0,0,0,1,0,1,0,0,0
204,0,1,1,2,1,0,0,1,2,1,3,1,1,1,0,0,1,1,2,0,1,1,0,1,1,0,0
205,1,1,0,2,0,0,0,0,2,1,1,1,1,1,0,2,1,1,2,0,0,0,0,1,0,0,0
206,1,1,1,0,0,0,0,0,0,0,2,0,0,1,0,2,1,1,1,0,0,0,0,1,0,0,2
207,0,1,1,2,1,3,3,0,1,1,2,0,0,1,1,0,1,1,1,2,2,1,1,0,1,0,2
208,2,1,2,3,0,0,0,1,1,1,0,2,2,0,0,1,1,0,0,0,0,0,0,2,0,0,0
209,1,1,1,2,1,0,0,2,2,1,2,1,1,1,0,0,1,1,3,0,1,1,0,2,1,0,0
210,0,1,1,2,1,1,1,0,1,1,2,0,0,1,0,0,1,1,1,0,1,1,0,0,1,0,0
211,0,1,2,3,0,0,0,0,2,1,2,2,2,0,0,2,1,0,1,0,0,1,0,1,0,0,0
212,0,1,2,2,1,0,0,2,2,1,1,0,0,1,0,1,1,1,1,0,0,1,0,2,1,0,2
213,0,1,1,1,0,0,0,1,1,1,1,2,1,1,0,1,1,1,1,0,1,0,0,2,0,0,2
214,0,1,1,1,1,2,2,0,1,1,2,0,1,1,1,0,1,1,1,1,1,1,2,0,1,0,0
215,0,1,1,1,0,0,0,0,0,0,1,0,0,1,0,2,1,1,1,0,0,1,0,1,0,0,2
216,2,1,0,2,0,1,1,0,0,1,2,0,0,1,0,2,1,0,3,0,0,0,0,0,0,0,2
217,0,1,0,2,1,0,0,0,1,1,1,1,1,1,0,1,1,1,1,0,0,0,0,0,1,0,0
218,0,1,1,1,1,0,0,0,1,1,2,0,1,1,0,0,1,1,1,0,0,0,0,0,1,0,0
219,0,1,2,2,1,0,0,0,1,1,0,1,1,1,0,0,1,1,3,0,1,1,0,0,1,0,0
220,0,1,1,2,0,2,2,1,2,1,2,1,1,1,2,2,1,1,1,2,2,0,0,2,0,0,0
221,2,1,1,2,0,0,0,1,3,0,1,0,0,1,0,3,1,0,2,0,0,0,0,2,0,0,2
222,1,1,1,2,1,3,3,0,1,1,2,0,0,1,1,0,1,1,2,1,1,0,0,1,1,0,2
223,0,1,1,3,1,0,0,0,1,1,2,2,2,1,0,0,1,0,1,0,0,1,0,0,1,0,0
224,0,1,1,2,1,0,0,0,1,1,0,1,1,1,0,1,1,1,1,0,0,1,0,0,1,0,0
225,2,1,2,2,0,0,0,2,3,0,0,1,1,1,0,3,1,0,0,0,0,0,0,3,0,0,0
226,0,1,1,3,1,2,1,2,0,1,3,1,1,1,0,0,1,0,1,0,1,1,0,3,1,0,0
227,1,1,1,2,1,3,1,2,2,1,2,0,0,1,0,0,1,1,2,1,1,1,0,3,0,0,2
228,0,1,0,2,0,0,0,1,1,1,1,1,1,1,0,0,1,1,1,0,1,1,0,2,0,0,0
229,1,1,1,2,1,0,0,0,1,1,2,0,0,1,0,0,1,0,0,0,0,1,0,1,1,0,2
230,0,1,2,3,1,0,0,1,1,1,2,2,2,0,0,0,1,0,1,0,0,1,0,2,1,0,0
231,0,1,1,2,1,0,0,0,1,1,0,1,1,1,0,0,1,1,1,0,1,1,0,0,1,0,0
232,1,1,1,1,1,0,0,0,1,1,1,2,2,1,0,1,1,1,2,0,1,0,0,0,1,0,0
233,0,1,0,2,1,2,2,0,1,1,1,0,0,1,1,1,1,0,3,0,1,0,0,0,1,0,2
234,0,1,1,2,1,0,0,0,1,1,0,1,1,1,0,2,1,1,1,0,0,1,0,0,1,0,2
235,1,1,1,2,1,2,1,2,2,1,1,0,0,1,0,0,1,0,2,1,1,0,0,2,1,0,2
236,1,1,2,3,0,0,0,1,2,1,1,2,2,0,0,2,1,0,0,0,0,0,0,3,0,0,0
237,0,1,1,1,0,0,0,1,1,1,2,0,0,1,0,1,1,1,1,0,0,0,0,3,0,0,2
238,0,1,1,2,1,0,0,2,2,1,1,2,2,1,0,2,1,1,2,0,1,1,0,2,1,0,0
239,2,1,1,2,0,0,0,2,3,0,2,1,1,1,0,3,1,0,2,0,1,0,0,3,0,0,0
240,0,1,1,2,1,0,0,0,1,1,1,1,1,1,0,1,1,1,1,0,0,1,0,0,1,0,0
241,0,1,1,2,1,0,0,0,1,1,2,2,2,1,0,0,1,1,1,0,0,0,0,0,1,0,0
242,1,1,1,1,1,0,0,0,0,1,2,2,1,1,0,1,1,1,2,0,0,0,0,0,1,0,2
243,2,1,1,2,1,0,0,1,2,1,2,1,1,1,0,0,1,0,3,0,1,0,0,1,1,0,0
244,0,1,1,2,1,0,0,0,1,1,2,1,1,1,0,0,1,1,1,0,0,0,0,1,1,0,0
245,0,1,1,2,1,0,0,0,1,1,2,0,0,1,0,0,1,1,1,0,0,0,0,0,0,0,2
246,1,0,0,1,0,3,3,1,2,1,2,0,1,1,2,2,1,1,3,1,3,0,1,2,0,0,1
247,0,1,1,3,0,0,0,0,2,0,3,2,2,1,0,2,1,0,3,0,0,0,0,1,0,0,0
248,2,1,1,3,0,2,2,1,3,0,2,0,0,1,2,3,1,0,0,1,2,0,0,2,0,0,1
249,2,1,1,2,0,0,0,1,2,1,2,2,2,1,0,2,1,0,3,0,1,0,0,3,0,0,0
250,0,1,1,2,1,0,0,0,1,1,1,1,1,1,0,0,1,1,1,0,1,0,0,0,1,0,0
251,2,1,1,2,0,0,0,0,0,0,2,1,1,1,0,3,1,0,0,0,1,0,0,0,0,0,1
252,1,1,1,3,1,1,1,0,0,1,0,0,0,1,0,2,1,0,0,0,0,0,0,1,1,0,0
253,1,1,1,2,1,3,3,2,2,1,2,0,0,1,1,0,1,1,2,1,1,0,0,3,0,0,2
254,0,1,1,2,1,0,0,0,1,1,1,1,1,1,0,0,1,1,3,0,0,1,0,0,1,0,0
255,0,1,0,1,0,2,2,0,1,1,1,0,0,1,1,1,1,1,3,1,1,1,0,2,0,0,2
256,0,1,1,1,0,1,1,1,1,1,1,0,0,1,1,1,1,1,1,0,1,0,0,2,0,0,2
257,1,1,1,1,0,2,3,1,2,1,1,0,0,1,2,2,1,1,3,2,2,0,0,2,0,0,2
258,0,1,2,3,1,0,0,1,2,1,2,2,2,1,0,0,1,0,1,0,0,0,0,3,0,0,0
259,1,1,0,2,1,0,0,1,2,1,2,2,2,1,0,1,1,0,2,0,1,0,0,1,1,0,0
260,2,1,1,2,0,0,0,1,3,0,0,1,1,1,0,3,1,0,2,0,1,0,0,3,0,0,0
261,2,1,1,2,1,0,0,1,3,0,2,1,1,1,0,3,1,0,2,0,1,0,0,2,0,0,0
262,1,1,0,3,1,0,0,1,2,1,2,0,0,1,0,2,1,0,0,0,0,0,0,2,1,0,2
263,0,1,1,3,0,0,0,1,1,1,1,1,1,1,0,1,1,0,1,0,0,0,0,3,0,0,0
264,0,1,2,3,1,0,0,2,2,1,1,0,0,0,0,1,1,0,1,0,0,0,0,2,1,0,2
265,1,1,1,1,0,0,0,1,2,1,2,2,1,1,0,2,1,1,2,0,1,0,0,2,0,0,0
266,0,1,1,2,1,0,0,0,0,0,1,1,1,1,0,1,1,1,1,0,1,1,0,1,1,0,0
267,0,1,1,2,1,0,0,1,2,1,1,1,1,1,0,2,1,1,1,0,0,1,0,2,1,0,0
268,1,1,0,2,1,1,1,1,2,1,1,0,0,1,0,2,1,0,0,0,0,1,0,2,0,0,2
269,3,1,1,3,0,0,0,2,3,0,2,2,2,1,0,3,1,0,0,0,0,0,0,3,0,0,0
270,0,1,2,2,1,0,0,0,0,0,1,2,2,1,0,1,1,1,3,0,0,0,0,1,1,0,0
271,2,1,1,3,1,0,0,0,0,1,1,1,1,1,0,2,1,0,0,0,0,0,0,0,1,0,0
272,1,1,1,2,1,0,0,2,2,1,1,1,1,1,0,0,1,0,2,0,1,0,0,3,0,0,0
273,0,1,2,3,0,0,0,0,0,0,2,1,1,0,0,2,1,1,1,0,0,0,0,1,0,0,0
274,0,1,1,2,1,0,0,0,0,1,1,1,1,1,0,1,1,1,3,0,0,0,0,0,0,0,0
275,1,1,0,0,0,2,1,2,2,0,1,0,0,1,0,2,1,1,1,1,1,0,0,3,0,0,2
276,2,1,2,2,0,0,0,0,0,0,2,1,1,1,0,2,1,0,2,0,0,1,0,1,0,0,0
277,0,1,2,3,1,0,0,1,2,1,1,2,2,0,0,2,1,0,3,0,0,1,0,2,1,0,0
278,1,1,2,3,1,0,0,2,2,1,2,2,1,0,0,0,1,0,0,0,0,0,0,2,1,0,0
279,0,1,2,1,1,2,3,0,1,1,2,0,0,1,1,0,1,1,3,0,2,0,0,0,1,0,2
280,1,1,1,3,1,0,0,0,1,1,0,0,0,1,0,1,1,0,0,0,1,0,0,0,1,0,2
281,1,1,0,2,1,0,0,0,0,1,0,1,1,1,0,0,1,1,2,0,0,0,0,1,1,0,0
282,1,1,1,3,1,0,0,2,2,1,1,1,1,1,0,1,1,0,0,0,0,0,0,3,0,0,0
283,1,1,1,3,0,0,0,1,2,1,1,1,1,1,0,1,1,0,0,0,0,0,0,1,0,0,0
284,1,1,1,1,1,0,0,1,2,1,1,2,2,1,0,0,1,1,2,0,0,1,0,1,0,0,0
285,2,1,1,1,0,0,0,2,3,0,1,2,1,1,0,3,1,1,1,0,0,0,0,3,0,0,0
286,0,1,1,2,1,0,0,0,1,1,0,2,2,1,0,1,1,1,1,0,0,1,0,0,1,0,0
287,1,1,1,2,1,0,0,2,2,1,1,1,1,1,0,0,1,0,3,0,0,0,0,3,0,0,1
288,0,1,1,1,1,0,0,2,2,1,1,1,1,1,0,0,1,1,1,0,0,0,0,2,1,0,2
289,0,1,1,1,1,0,0,2,2,1,0,0,0,1,0,1,1,1,1,0,0,0,0,3,1,0,2
290,0,1,1,1,1,3,3,0,1,1,2,0,1,1,1,0,1,1,1,1,2,0,3,0,1,0,1
291,2,0,0,1,0,3,3,0,0,0,2,0,0,1,2,2,1,1,0,2,2,0,3,0,0,0,2
292,3,1,1,2,0,0,0,1,3,0,3,1,1,1,0,3,1,0,0,0,0,0,0,2,0,0,0
293,1,1,0,2,1,0,0,2,2,1,1,1,1,1,0,1,1,1,2,0,0,1,0,2,1,0,0
294,1,1,1,2,1,0,0,0,1,1,0,1,1,1,0,1,1,0,3,0,0,0,0,0,1,0,0
295,2,1,1,3,1,0,0,1,3,1,1,2,2,1,0,2,1,0,0,0,0,0,0,1,0,0,0
296,1,0,0,2,0,0,0,1,1,1,1,1,1,1,0,0,1,0,2,0,0,0,0,2,0,0,0
297,0,1,2,2,1,0,0,0,1,1,3,1,1,1,0,0,1,1,1,0,1,1,0,0,1,0,0
298,1,1,2,2,1,0,0,2,2,1,1,1,1,1,0,0,1,1,0,0,0,1,0,2,1,0,0
299,1,1,1,1,1,3,3,0,2,1,2,0,0,1,1,0,1,1,2,1,1,0,3,0,1,0,1
300,1,1,1,3,1,3,3,2,2,1,2,0,0,1,1,0,1,0,0,2,2,0,0,3,0,0,1
301,1,1,1,1,0,1,1,1,2,0,2,0,0,1,0,2,1,1,2,0,1,1,0,3,0,0,2
302,1,1,1,1,1,0,0,2,2,1,3,2,2,1,0,0,1,1,2,0,0,0,0,2,1,0,0
303,2,1,1,2,0,0,0,2,3,0,1,1,1,1,0,3,1,1,0,0,0,0,0,3,0,0,0
304,0,1,2,2,1,0,0,0,0,1,1,1,1,1,0,1,1,1,1,0,1,1,0,0,1,0,0
305,1,1,2,2,1,0,0,1,2,1,2,1,1,0,0,0,1,1,2,0,0,1,0,1,0,0,0
306,0,1,1,3,1,0,0,0,1,1,2,1,1,1,0,0,1,0,3,0,1,1,0,0,1,0,0
307,2,1,1,2,0,0,0,0,0,0,1,2,2,1,0,2,1,0,3,0,1,0,0,0,0,0,0
308,1,1,1,2,1,0,0,2,2,1,1,1,1,1,0,2,1,1,0,0,1,0,0,3,1,0,0
309,0,1,1,2,1,0,0,0,1,1,1,1,1,1,0,1,1,1,1,0,0,1,0,0,1,0,2
310,0,1,1,3,1,0,0,1,1,1,3,1,1,1,0,0,1,0,2,0,0,0,0,2,1,0,0
311,0,1,0,3,1,3,3,0,1,1,2,0,0,1,1,0,1,0,2,1,1,1,0,1,1,1,0
312,1,1,1,3,0,0,0,2,2,0,2,1,1,1,0,2,1,0,0,0,1,1,0,3,0,0,0
313,2,1,2,1,0,0,0,0,2,1,1,0,0,1,0,2,1,1,1,0,0,0,0,2,0,0,2
314,1,1,2,2,1,0,0,2,2,1,1,1,1,1,0,1,1,1,2,0,1,0,0,3,1,0,0
315,0,1,1,1,1,3,3,1,2,1,1,0,0,1,1,1,1,1,1,1,1,1,0,2,0,0,2
316,2,1,1,3,0,1,1,0,0,0,2,0,0,1,0,3,1,0,0,0,0,0,0,0,0,0,2
317,1,1,1,2,1,3,0,2,2,1,2,0,0,1,0,0,1,1,2,2,2,0,0,2,1,0,2
318,0,1,0,2,1,0,0,0,0,1,1,1,1,1,0,2,1,1,1,0,0,0,0,0,1,0,0
319,0,1,1,2,1,0,0,0,1,1,3,1,1,1,0,0,1,1,1,0,0,0,0,0,1,0,0
320,2,1,1,1,0,0,0,0,0,0,1,1,1,1,0,2,1,1,0,0,0,1,0,2,0,0,0
321,1,1,1,2,1,1,1,0,0,1,0,0,0,1,0,3,1,1,2,0,1,0,0,0,1,0,1
322,2,1,1,1,0,0,0,1,3,0,1,0,0,1,0,3,1,1,2,0,0,0,0,2,0,0,2
323,1,1,0,2,1,0,0,0,0,1,1,1,1,1,0,0,1,1,2,0,0,0,0,0,1,0,0
324,2,1,2,3,0,0,0,0,3,0,1,2,2,0,0,3,1,0,0,0,0,1,0,0,0,0,0
325,2,1,1,2,1,0,0,1,2,1,1,1,1,1,0,1,1,0,2,0,0,0,0,1,1,0,1
326,0,1,1,1,1,1,2,0,1,1,2,0,0,1,0,0,1,1,1,0,0,0,0,0,1,0,2
327,1,1,1,2,0,0,0,1,2,0,0,1,1,1,0,1,1,0,3,0,1,1,0,2,0,0,0
328,0,1,1,2,1,0,0,0,2,1,3,1,1,1,0,0,1,0,3,0,0,1,0,1,1,0,2
329,0,1,1,3,1,0,0,0,1,1,2,1,1,1,0,0,1,0,1,0,0,0,0,1,0,0,0
330,0,1,1,1,0,0,0,1,2,1,2,0,0,1,0,1,1,1,1,0,0,1,0,2,0,0,2
331,0,1,1,2,1,0,0,1,2,1,2,1,1,1,0,0,1,0,1,0,0,0,0,2,1,0,0
332,3,1,1,0,0,3,3,1,3,0,3,0,1,1,2,3,1,1,0,2,2,0,0,3,0,0,2
333,1,1,1,2,0,0,0,1,1,1,2,1,1,1,0,1,1,1,3,0,1,0,0,2,0,0,1
334,0,1,0,1,1,3,3,0,1,1,2,0,0,1,1,0,1,1,3,1,2,1,1,0,1,0,2
335,2,1,1,3,0,0,0,0,0,0,1,1,1,1,0,2,1,0,0,0,0,0,0,2,0,0,0
336,1,1,1,3,0,0,0,0,2,0,3,1,1,1,0,2,1,0,0,0,0,0,0,1,0,0,0
337,0,1,2,3,1,0,0,2,2,1,2,1,1,0,0,0,1,0,1,0,1,1,0,3,1,0,0
338,2,1,2,3,0,0,0,0,3,0,2,1,1,0,0,3,1,0,0,0,0,1,0,0,0,0,0
339,0,1,2,3,1,0,0,1,2,1,3,2,2,0,0,0,1,0,1,0,0,1,0,2,1,0,0
340,2,1,1,2,0,0,0,1,3,0,1,0,0,1,0,3,1,0,3,0,0,0,0,1,0,0,2
341,1,1,1,1,1,0,0,2,2,1,1,0,0,1,0,1,1,1,2,0,0,0,0,2,1,0,2
342,0,1,1,2,1,0,0,1,2,1,1,1,1,1,0,1,1,0,1,0,0,1,0,1,1,0,0
343,1,1,0,1,1,0,0,2,2,1,2,0,0,1,0,1,1,1,1,0,0,0,0,3,0,0,2
344,0,1,2,2,1,0,0,0,0,1,3,1,1,1,0,0,1,1,1,0,0,1,0,0,1,0,0
345,2,1,1,2,0,0,0,1,3,0,1,2,2,1,0,3,1,0,2,0,0,0,0,2,0,0,0
346,0,1,2,2,1,0,0,0,1,1,2,1,1,1,0,0,1,0,1,0,0,0,0,0,1,0,1
347,1,1,1,2,0,0,0,1,2,0,3,1,1,1,0,1,1,0,0,0,0,0,0,2,0,0,0
348,2,1,2,2,0,0,0,1,3,0,2,1,1,1,0,3,1,0,2,0,0,0,0,3,0,0,0
349,1,1,1,1,1,0,0,2,2,1,1,1,1,1,0,1,1,1,2,0,1,1,0,2,1,0,0
350,0,1,2,3,1,0,0,0,1,1,1,1,1,0,0,0,1,0,1,0,0,0,0,0,1,0,1
351,1,1,0,2,1,0,0,2,2,1,1,1,1,1,0,1,1,1,2,0,0,0,0,2,1,0,0
352,0,1,1,3,0,0,0,0,1,1,1,1,1,1,0,0,1,0,1,0,0,0,0,1,0,0,0
353,1,0,0,2,0,0,0,0,0,0,0,0,0,1,0,2,1,1,2,0,0,0,0,0,0,0,2
354,2,1,1,1,0,0,0,2,3,0,2,2,2,1,2,3,0,1,1,0,2,0,0,3,0,0,0
355,1,1,1,2,1,1,1,2,2,1,1,0,0,1,0,2,1,1,0,0,0,0,0,3,0,0,0
356,0,1,2,3,0,0,0,1,1,1,1,1,1,0,0,1,1,0,1,0,0,0,0,3,0,0,0
357,1,1,1,3,1,0,0,1,2,1,1,1,1,1,0,0,1,0,0,0,1,0,0,1,1,0,0
358,1,1,0,2,1,0,0,2,2,1,3,0,0,1,0,0,1,1,2,0,0,0,0,2,1,0,2
359,1,1,0,2,1,0,0,2,2,1,1,1,1,1,0,0,1,1,2,0,0,0,0,2,1,0,0
360,1,1,1,2,0,0,0,2,2,0,3,1,1,1,0,2,1,0,2,0,0,1,0,3,0,0,0
361,0,1,1,2,1,3,2,1,1,1,2,0,0,1,0,0,1,1,1,1,1,0,0,1,1,0,2
362,1,1,0,2,1,2,2,1,2,1,1,0,0,1,1,1,1,1,0,1,1,1,0,1,1,0,2
363,1,1,1,2,1,3,3,1,2,1,1,0,0,1,1,0,1,0,2,1,1,0,1,2,1,0,2
364,1,1,1,2,1,0,0,0,0,1,2,1,1,1,0,2,1,1,3,0,0,0,0,0,1,0,0
365,0,1,0,2,1,2,2,1,2,1,2,0,0,1,1,0,1,1,1,0,1,0,0,1,1,2,2
366,0,1,1,1,1,0,0,0,1,1,0,2,1,1,0,0,1,1,1,0,1,1,0,0,0,0,0
367,0,1,0,2,1,0,0,0,1,1,1,1,1,1,0,0,1,1,1,0,1,1,0,1,1,0,0
368,2,1,2,3,0,0,0,1,2,1,1,1,1,0,0,2,1,0,0,0,0,0,0,2,0,0,0
369,1,1,1,2,1,0,0,2,2,1,1,1,1,1,0,1,1,0,2,0,1,1,0,3,0,0,0
370,0,1,1,2,1,0,0,1,1,1,2,1,1,1,0,0,1,0,3,0,0,0,0,1,1,0,0
371,1,1,0,2,1,0,0,1,2,1,2,1,1,1,0,0,1,0,2,0,0,0,0,3,0,0,0
372,1,1,1,3,1,0,0,1,2,1,2,1,1,1,0,0,1,0,0,0,0,0,0,1,1,0,0
373,2,1,0,1,1,0,0,2,2,1,1,0,0,1,0,0,1,1,0,0,0,1,0,2,1,0,2
374,0,1,2,2,1,2,1,2,2,1,3,0,0,1,0,0,1,1,3,2,2,1,0,2,1,0,2
375,2,1,1,3,0,0,0,1,3,0,2,1,1,1,0,3,1,0,0,0,0,0,0,3,0,0,0
376,0,1,1,2,1,3,3,0,1,1,2,0,0,1,1,0,1,1,1,1,2,1,0,0,1,0,2
377,0,1,1,3,1,0,0,0,1,1,1,2,1,1,0,0,1,0,1,0,1,0,0,0,1,0,0
378,0,1,1,1,1,0,0,0,1,1,2,1,1,1,0,0,1,1,1,0,0,0,0,0,1,0,1
379,2,1,1,2,0,0,0,1,3,0,1,1,1,1,0,3,1,0,3,0,0,0,0,2,0,0,0
380,2,0,0,1,0,0,0,2,3,0,1,0,0,1,0,3,1,1,1,0,1,1,0,3,0,0,2
381,0,1,1,2,1,0,0,0,1,1,1,1,1,1,0,1,1,1,1,0,0,0,0,1,1,0,0
382,2,1,1,2,0,0,0,2,3,0,2,0,0,1,0,3,1,1,2,0,1,0,0,3,0,0,2
383,2,0,0,3,0,0,0,1,2,0,1,1,1,1,0,2,1,0,0,0,0,0,0,2,0,0,0
384,1,1,2,3,1,1,1,0,0,1,1,1,1,0,0,1,1,0,0,0,1,0,0,0,1,0,0
385,1,1,1,2,1,1,1,0,1,1,1,0,0,1,0,0,1,1,2,0,0,0,0,0,1,0,2
386,1,1,1,2,1,0,0,2,2,1,2,1,1,1,0,0,1,1,3,0,1,1,0,2,1,0,0
387,2,1,1,2,0,0,0,1,3,0,1,0,0,1,0,3,1,0,3,0,0,0,0,2,0,0,2
388,0,1,1,3,1,0,0,0,0,1,2,2,2,1,0,0,1,0,1,0,0,0,0,0,1,0,0
389,1,1,1,3,1,0,0,0,1,1,2,1,1,1,0,0,1,0,0,0,0,1,0,1,1,0,0
390,0,1,2,2,0,0,0,0,0,1,3,1,1,1,0,2,1,1,1,0,0,0,0,0,0,0,1
391,0,0,0,1,0,0,0,1,1,1,2,2,1,1,0,0,1,1,1,0,0,0,0,2,0,0,0
392,3,1,1,3,0,2,2,0,0,0,2,0,0,1,2,2,1,0,0,0,2,0,0,2,0,0,1
393,1,1,0,2,1,1,1,2,2,1,1,0,0,1,0,0,1,1,2,0,0,0,0,3,1,0,2
394,1,1,2,3,1,0,0,2,2,1,3,1,1,0,0,0,1,0,0,0,0,1,0,3,1,0,0
395,0,1,2,2,0,0,0,0,2,1,1,1,1,1,0,2,1,1,1,0,0,0,0,2,0,0,0
396,2,1,1,2,0,0,0,1,1,1,2,1,1,1,0,1,1,0,2,0,1,0,0,3,0,0,0
397,1,1,1,1,1,0,0,2,2,1,3,0,0,1,0,0,1,1,2,0,1,0,0,2,1,0,2
398,1,1,1,2,1,0,0,1,2,1,0,1,1,1,0,2,1,0,2,0,0,0,0,1,1,0,0
399,2,1,2,2,0,0,0,1,3,0,3,2,2,1,0,3,1,0,3,0,1,0,0,2,0,0,0
400,1,1,1,2,0,0,0,1,1,1,3,0,0,1,0,1,1,1,2,0,1,0,0,3,0,0,2
401,1,1,2,3,0,0,0,1,1,1,1,1,1,0,0,1,1,0,0,0,0,0,0,2,0,0,0
402,1,1,1,3,1,1,1,0,1,1,1,0,0,1,0,1,1,0,0,0,1,0,0,1,1,0,2
403,2,1,2,2,0,0,0,0,0,0,2,1,1,0,0,2,1,0,0,0,1,0,0,2,0,0,0
404,1,1,1,3,0,0,0,1,2,1,0,0,0,1,0,2,1,0,0,0,0,0,0,3,0,0,1
405,1,1,1,3,1,0,0,0,0,0,2,0,0,1,0,0,1,0,0,0,0,0,0,0,0,0,2
406,0,1,1,1,1,0,0,0,1,1,1,1,1,1,0,0,1,1,1,0,0,0,0,0,1,0,2
407,1,0,0,2,1,0,0,1,2,1,1,1,1,1,0,1,1,0,0,0,0,0,0,1,1,0,0
408,0,1,1,1,1,0,0,1,2,1,1,0,1,1,0,2,1,1,1,0,1,0,0,1,1,0,0
409,0,1,1,1,1,0,0,1,1,1,0,0,0,1,0,0,1,1,1,0,1,1,0,2,1,0,2
410,0,1,0,2,1,2,2,0,1,1,2,0,0,1,1,0,1,0,1,0,1,0,0,0,1,0,2
411,0,1,1,3,1,2,2,0,0,1,2,0,0,1,0,1,1,0,1,0,1,0,0,0,1,0,1
412,1,1,1,2,1,0,0,1,2,1,2,1,1,1,0,1,1,0,2,0,1,0,0,1,1,0,0
413,0,1,2,3,1,0,0,0,1,1,1,2,2,0,0,0,1,1,1,0,0,1,0,1,0,0,0
414,0,1,2,3,1,0,0,0,1,1,2,1,1,0,0,0,1,0,1,0,0,1,0,2,0,0,0
415,0,1,1,1,0,3,3,0,1,1,3,0,1,1,1,0,1,1,1,1,1,1,1,0,0,0,0
416,0,1,2,1,1,0,0,0,1,1,1,1,1,1,0,0,1,1,1,0,1,1,0,1,1,0,1
417,0,1,0,2,1,0,0,0,1,1,2,1,1,1,0,0,1,1,1,0,0,1,0,0,1,0,0
418,1,1,1,3,1,0,0,2,2,1,1,1,1,1,0,2,1,0,0,0,1,0,0,3,1,0,0
419,2,1,2,2,0,0,0,1,2,1,2,2,2,0,0,1,1,0,2,0,0,0,0,3,0,0,0
420,0,1,0,2,1,0,0,0,1,1,1,0,0,1,0,0,1,1,1,0,0,0,0,0,1,0,2
421,0,1,2,2,1,2,1,2,2,1,1,0,0,0,0,0,1,1,1,1,1,0,0,2,1,0,1
422,2,1,1,1,0,0,0,1,2,0,2,1,1,1,0,2,1,1,0,0,0,0,0,3,0,0,0
423,0,1,1,2,1,0,0,0,1,1,1,1,1,1,0,1,1,1,1,0,1,1,0,1,1,0,0
424,1,1,1,1,1,0,0,0,0,1,1,1,1,1,0,2,1,1,2,0,0,0,0,0,1,0,1
425,0,1,2,2,1,0,0,0,1,1,2,1,1,0,0,0,1,1,1,0,1,1,0,0,1,0,0
426,0,1,1,2,1,0,0,0,1,1,2,2,2,1,0,0,1,1,1,0,1,1,0,1,1,0,0
427,1,1,1,3,0,0,0,1,2,0,2,1,1,1,0,2,1,0,0,0,0,0,0,1,0,0,0
428,0,1,1,2,1,2,3,1,1,1,2,1,1,1,1,0,1,1,1,0,1,0,0,1,1,0,0
429,1,1,1,2,1,0,0,1,2,1,1,1,1,1,0,2,1,1,2,0,0,0,0,1,1,0,0
430,0,1,1,2,1,0,0,0,0,1,3,1,1,1,0,0,1,0,1,0,1,1,0,1,1,0,0
431,1,1,1,1,1,3,3,2,2,1,2,0,0,1,1,1,1,1,2,1,2,0,1,2,1,0,2
432,0,1,1,1,1,3,3,0,0,1,3,0,0,1,1,0,1,1,1,0,1,0,0,0,0,0,2
433,1,1,1,2,0,3,3,0,0,0,2,0,0,1,1,1,1,1,2,0,1,0,0,1,0,0,2
434,1,1,1,2,1,0,0,2,2,1,2,2,2,1,0,0,1,0,2,0,1,0,0,3,1,0,0
435,2,1,1,1,0,0,0,2,3,0,0,1,1,1,0,3,1,1,2,0,0,0,0,3,0,0,0
436,1,1,1,1,0,3,3,1,1,1,2,0,0,1,1,1,1,1,2,1,1,0,0,3,0,0,2
437,2,1,1,3,0,0,0,0,0,0,3,0,0,1,0,2,1,0,0,0,1,0,0,0,0,0,1
438,1,1,1,2,1,0,0,1,2,1,3,1,1,1,0,0,1,1,2,0,1,0,0,2,1,0,0
439,0,1,1,2,1,0,0,0,1,1,1,1,1,1,0,0,1,1,1,0,1,0,0,1,1,0,0
440,0,1,1,2,1,0,0,0,1,1,2,1,1,1,0,0,1,1,1,0,1,0,0,0,1,0,0
441,0,1,0,1,0,0,0,2,2,0,2,1,1,1,0,2,1,1,1,0,1,1,0,3,0,0,1
442,0,1,1,2,1,0,0,0,1,1,2,2,2,1,0,0,1,1,1,0,0,0,0,0,1,0,0
443,0,1,1,1,1,3,3,0,1,1,1,0,0,1,1,0,1,1,1,1,1,0,0,0,1,0,2
444,0,1,1,1,0,1,0,1,1,1,1,0,1,1,0,1,1,1,1,0,0,0,0,2,0,0,1
445,1,1,1,2,1,0,0,2,2,1,2,1,1,1,0,1,1,0,2,0,0,0,0,2,1,0,1
446,0,1,2,3,1,0,0,0,1,1,1,1,1,1,0,0,1,0,3,0,0,1,0,0,1,0,0
447,1,1,1,1,0,0,0,1,2,1,2,1,1,1,0,2,1,1,2,0,0,0,0,2,0,0,0
448,1,1,1,2,0,0,0,2,2,0,1,1,1,1,0,2,1,1,3,0,0,0,0,3,0,0,1
449,0,1,0,2,1,0,0,0,1,1,3,1,1,1,0,0,1,1,1,0,0,1,0,0,1,0,0
450,2,1,1,2,0,0,0,0,0,0,1,1,1,1,0,2,1,0,2,0,1,0,0,2,0,0,0
451,1,1,0,2,1,1,1,0,1,1,1,0,0,1,0,1,1,1,3,0,1,0,0,0,1,0,2
452,2,1,1,1,0,2,2,0,2,1,1,0,1,1,2,2,1,1,2,0,2,0,2,0,0,0,0
453,1,1,2,3,1,0,0,0,1,1,1,1,1,0,0,0,1,0,0,0,0,0,0,0,1,0,0
454,2,1,1,2,0,0,0,0,2,1,1,2,2,1,0,2,1,0,2,0,0,0,0,1,0,0,0
455,1,1,2,3,1,0,0,0,1,1,3,2,2,0,0,0,1,0,0,0,1,0,0,1,1,0,0
456,1,1,0,2,1,0,0,2,2,1,1,0,0,1,0,0,1,1,3,0,0,0,0,2,1,0,2
457,1,1,1,2,0,0,0,2,2,0,1,2,2,1,0,2,1,0,2,0,0,0,0,3,0,0,0
458,2,1,1,3,0,0,0,1,3,0,1,2,1,1,0,3,1,0,0,0,0,0,0,2,0,0,0
459,0,1,1,1,1,3,3,0,1,1,1,0,0,1,1,0,1,1,1,2,3,1,1,0,1,0,2
460,1,1,1,3,0,0,0,1,2,0,2,1,1,1,0,2,1,0,0,0,0,0,0,2,0,0,0
461,0,1,0,2,1,0,0,0,1,1,1,0,0,1,0,1,1,1,1,0,1,0,0,0,1,0,2
462,1,1,1,2,1,0,0,2,2,1,1,1,1,1,0,0,1,1,0,0,0,1,0,2,1,0,0
463,0,1,1,2,1,0,0,0,1,1,1,1,1,1,0,0,1,1,1,0,0,0,0,0,1,0,0
464,3,1,1,1,0,0,0,1,3,0,2,1,1,1,0,3,1,0,0,0,0,0,0,2,0,0,0
465,0,1,1,0,1,0,0,1,1,1,0,0,1,1,0,1,1,1,1,0,0,1,0,1,1,0,2
466,2,1,2,3,0,2,2,1,2,1,1,0,0,1,2,2,1,0,0,2,3,0,3,2,0,0,2
467,0,1,1,3,0,1,1,1,1,1,2,0,0,1,0,1,1,0,1,0,1,0,0,2,0,0,0
468,0,1,2,2,0,0,0,0,2,1,2,1,1,1,0,2,1,1,1,0,0,0,0,0,0,0,0
469,0,1,2,1,1,2,2,0,1,1,1,0,0,1,1,1,1,1,1,0,1,0,0,0,1,0,2
470,1,1,1,2,1,0,0,1,2,1,0,0,0,1,0,0,1,1,0,0,0,0,0,0,1,0,2
471,2,1,2,3,0,0,0,1,3,0,1,2,1,0,0,3,1,0,0,0,0,0,0,3,0,0,0
472,0,1,1,3,1,0,0,0,0,1,1,2,2,1,0,2,1,0,1,0,0,1,0,0,1,0,0
473,0,1,1,2,1,0,0,0,1,1,3,1,1,1,0,0,1,1,1,0,1,0,0,1,1,0,0
474,1,1,2,2,0,0,0,2,2,1,1,1,1,1,0,2,1,1,2,0,1,0,0,3,0,0,0
475,0,1,1,3,1,0,0,0,1,1,1,1,1,1,0,1,1,0,1,0,1,0,0,0,1,0,0
476,1,1,1,2,1,0,0,2,2,1,2,1,1,1,0,0,1,0,2,0,1,0,0,3,1,0,0
477,2,1,1,3,0,0,0,1,2,1,1,1,1,1,0,2,1,0,0,0,0,0,0,2,0,0,0
478,1,1,1,3,1,0,0,1,2,1,1,1,1,1,0,0,1,0,0,0,0,0,0,1,1,0,0
479,0,1,1,3,1,0,0,0,1,1,2,1,1,1,0,0,1,0,3,0,0,1,0,0,1,0,0
480,0,1,2,2,0,3,3,0,2,1,1,0,0,1,2,2,1,1,1,0,2,1,0,0,0,0,2
481,1,1,1,2,1,0,0,0,1,1,0,1,1,1,0,1,1,0,2,0,0,0,0,0,1,0,0
482,2,1,2,2,0,0,0,2,3,0,1,2,2,0,0,3,1,0,0,0,1,0,0,3,0,0,0
483,0,1,1,2,1,0,0,0,1,1,2,1,1,1,0,0,1,1,1,0,0,1,0,0,1,0,0
484,2,1,2,3,0,0,0,0,0,1,1,2,2,0,0,2,1,0,0,0,1,0,0,0,0,0,0
485,1,1,1,2,1,0,0,0,1,1,1,0,0,1,0,0,1,0,2,0,0,0,0,0,1,0,2
486,0,1,0,1,1,3,3,0,1,1,1,0,0,1,1,1,1,1,1,2,2,1,2,1,1,1,2
487,0,1,0,2,1,0,0,0,0,1,1,1,1,1,0,2,1,1,1,0,1,1,0,1,0,0,0
488,1,1,1,1,0,1,1,1,2,1,2,0,1,1,0,2,1,1,2,0,0,0,0,2,0,0,0
489,0,1,1,2,1,0,0,1,2,1,1,1,1,1,0,0,1,1,3,0,0,0,0,1,1,0,0
490,0,1,1,2,1,0,0,0,0,1,2,1,1,1,0,0,1,1,3,0,1,1,0,1,1,0,0
491,0,1,1,2,1,0,0,1,1,1,2,1,1,1,0,0,1,1,1,0,0,1,0,1,1,0,0
492,0,1,1,1,1,1,1,0,1,1,1,0,0,1,0,0,1,1,1,0,0,1,0,1,1,0,2
493,2,1,1,2,1,0,0,0,0,1,3,1,1,1,0,0,1,0,2,0,0,0,0,2,0,0,0
494,1,1,1,3,1,0,0,1,2,1,1,1,1,1,0,1,1,0,0,0,0,1,0,1,1,0,0
495,0,1,0,2,1,2,2,0,1,1,1,0,0,1,0,0,1,1,2,2,2,1,0,1,1,0,2
496,0,1,1,2,1,0,0,0,1,1,2,1,1,1,0,0,1,1,1,0,0,0,0,0,1,0,0
497,2,1,1,1,0,0,0,0,3,0,1,2,1,1,0,3,1,1,1,0,1,0,0,2,0,0,0
498,1,1,1,3,0,1,1,0,2,0,2,0,0,1,0,2,1,0,0,0,0,1,0,2,0,0,0
499,0,1,0,2,1,3,3,0,1,1,1,0,0,1,1,1,1,0,1,2,3,1,1,1,1,0,2
500,0,1,1,2,1,1,0,2,2,1,2,0,0,1,0,0,1,1,1,0,1,1,0,3,1,0,1
501,1,1,1,1,0,2,2,2,2,0,3,0,0,1,2,2,1,1,1,0,2,0,0,3,0,0,2
502,1,1,1,2,0,0,0,1,2,0,2,1,1,1,0,2,1,0,2,0,0,0,0,3,0,0,0
503,0,1,0,2,1,0,0,2,2,1,1,1,1,1,0,0,1,1,2,0,0,1,0,2,1,0,2
504,0,1,1,3,1,0,0,0,2,1,2,1,1,1,0,0,1,0,1,0,0,0,0,1,1,0,0
505,2,1,1,3,0,0,0,2,0,0,2,1,1,1,0,2,1,0,0,0,0,0,0,3,0,0,1
506,0,1,1,2,0,0,0,0,1,1,2,1,1,1,0,1,1,1,1,0,0,0,0,0,0,0,0
507,1,1,1,2,0,0,0,0,1,1,2,1,1,1,0,1,1,1,2,0,0,0,0,1,0,0,0
508,0,1,1,3,0,0,0,1,1,1,1,1,1,1,0,1,1,0,1,0,1,0,0,2,0,0,0
509,1,1,1,2,1,0,0,2,2,1,2,1,1,1,0,0,1,1,2,0,1,0,0,3,1,0,0
510,0,1,1,2,1,3,3,0,1,1,2,0,0,1,1,0,1,1,1,1,1,0,0,0,0,0,1
511,0,1,2,3,1,0,0,0,0,1,1,2,1,0,0,1,1,0,1,0,1,0,0,1,1,0,0
512,1,1,1,2,1,0,0,1,2,1,1,1,1,1,0,0,1,1,2,0,1,0,0,1,1,0,0
513,1,1,1,1,1,0,0,0,1,1,1,0,0,1,0,1,1,1,2,0,0,0,0,0,1,0,2
514,0,1,0,2,1,0,0,0,1,1,1,1,1,1,0,1,1,1,1,0,0,1,0,0,1,0,0
515,0,1,0,1,1,0,0,0,1,1,1,2,1,1,0,0,1,1,3,0,0,1,0,0,1,0,2
516,1,1,1,1,1,2,1,2,2,1,2,0,0,1,0,0,1,1,1,0,0,0,0,3,1,0,2
517,1,1,1,3,1,0,0,0,0,1,1,1,1,1,0,0,1,0,0,0,0,1,0,0,1,0,0
518,1,1,1,3,0,0,0,0,2,1,1,2,1,1,0,2,1,0,0,0,0,0,0,0,0,0,0
519,0,1,1,2,1,0,0,1,2,1,0,2,2,1,0,1,1,1,1,0,0,1,0,0,1,0,0
520,0,1,2,3,1,0,0,0,1,1,2,1,1,1,0,0,1,0,2,0,0,0,0,0,0,0,0
521,0,1,0,1,1,0,0,0,1,1,1,0,0,1,0,1,1,1,1,0,0,0,0,0,1,0,2
522,0,1,1,1,1,3,3,0,0,1,1,0,0,1,1,0,1,1,1,1,2,0,1,0,1,0,2
523,1,1,1,2,1,2,2,1,2,1,1,1,1,1,2,2,1,1,2,2,2,0,0,1,0,0,0
524,2,1,1,2,0,3,3,0,0,0,2,0,0,1,2,2,1,0,0,2,2,0,1,0,0,0,2
525,0,1,1,1,0,1,0,1,1,1,1,0,0,1,0,0,1,1,1,0,0,0,0,2,0,0,2
526,0,1,1,2,0,0,0,1,1,1,1,1,1,1,0,1,1,1,2,0,1,1,0,3,0,0,0
527,0,1,2,3,1,0,0,0,1,1,2,2,2,0,0,0,1,0,1,0,1,0,0,1,1,0,0
528,0,1,1,2,1,2,2,0,1,1,3,1,1,1,1,0,1,1,1,2,2,1,0,0,1,0,0
529,0,1,0,0,1,3,3,0,0,1,2,0,0,1,1,0,1,1,1,2,2,1,2,0,1,3,2
530,1,1,2,2,1,3,3,0,1,1,1,0,0,1,1,0,1,0,2,0,1,0,1,1,1,0,2
531,1,1,1,3,0,0,0,1,2,0,2,2,1,1,0,2,1,0,0,0,0,0,0,3,0,0,0
532,2,1,1,2,0,0,0,0,0,0,2,1,1,1,0,1,1,0,0,0,0,0,0,0,0,0,0
533,1,1,1,2,1,0,0,1,2,1,2,1,1,1,0,1,1,1,0,0,0,1,0,2,1,0,0
534,0,1,0,2,1,2,2,0,1,1,1,0,0,1,1,0,1,1,1,0,1,0,0,0,1,0,1
535,1,1,0,2,0,0,0,0,0,1,0,1,1,1,0,2,1,1,3,0,0,1,0,0,0,0,0
536,0,1,1,2,1,0,0,0,1,1,2,1,1,1,0,0,1,1,1,0,0,1,0,1,1,0,0
537,2,1,1,3,1,0,0,0,0,0,2,2,1,1,0,0,1,0,0,0,0,0,0,0,1,0,0
538,0,1,0,1,0,0,0,0,1,1,1,0,0,1,0,1,1,1,1,0,0,1,0,0,0,0,2
539,1,1,1,3,1,0,0,0,1,1,1,1,1,1,0,1,1,0,0,0,1,1,0,0,1,0,0
540,1,1,0,2,1,0,0,1,2,1,2,2,2,1,0,0,1,1,2,0,0,0,0,3,0,0,0
541,1,1,1,3,1,0,0,0,0,1,2,1,1,1,0,0,1,0,0,0,1,0,0,2,0,0,0
542,0,1,1,2,0,0,0,1,1,1,1,0,0,1,0,1,1,1,1,0,1,1,0,3,0,0,2
543,1,0,0,2,0,3,3,0,1,1,2,0,0,1,1,1,1,1,2,2,2,0,1,0,0,0,2
544,2,1,2,3,0,0,0,1,2,1,2,2,2,0,0,2,1,0,0,0,0,0,0,2,0,0,0
545,2,1,1,1,0,3,3,2,2,1,2,0,1,1,2,2,1,1,2,1,2,0,0,3,0,0,0
546,1,1,1,2,0,0,0,1,2,0,0,0,0,1,0,2,1,1,0,0,0,0,0,3,0,0,2
547,1,1,1,2,0,0,0,0,2,1,2,1,1,1,0,2,1,1,2,0,1,0,0,0,0,0,0
548,0,1,1,2,1,0,0,0,1,1,2,1,1,1,0,0,1,1,3,0,0,0,0,0,1,0,0
549,0,1,1,1,1,0,0,2,2,1,1,1,1,1,0,2,1,1,1,0,0,1,0,3,0,0,2
550,2,1,1,3,0,0,0,1,2,1,2,2,1,1,0,2,1,0,0,0,0,0,0,2,0,0,0
551,0,1,2,2,1,0,0,0,1,1,2,1,1,0,0,0,1,1,1,0,0,0,0,0,1,0,1
552,0,1,1,3,1,0,0,2,2,1,2,1,1,1,0,0,1,0,1,0,0,1,0,2,1,0,0
553,2,1,2,3,0,0,0,2,3,0,1,1,1,0,0,3,1,0,0,0,1,0,0,3,0,0,0
554,0,1,2,3,0,0,0,0,2,1,2,2,2,0,0,2,1,0,1,0,1,1,0,2,0,0,0
555,0,1,1,3,0,0,0,1,2,1,1,1,1,1,0,2,1,1,1,0,0,0,0,2,0,0,0
556,1,1,0,1,1,1,1,2,2,1,1,0,1,1,0,1,1,1,1,0,0,1,0,3,1,1,0
557,1,1,0,1,1,0,0,1,1,1,1,2,1,1,0,0,1,1,3,0,0,0,0,2,0,0,2
558,1,1,1,1,1,0,0,2,2,1,0,0,0,1,0,2,1,1,2,0,0,0,0,3,0,0,2
559,0,1,1,1,1,0,0,0,1,1,0,0,0,1,0,0,1,1,1,0,0,0,0,1,1,0,2
560,1,1,1,2,1,0,0,2,2,1,0,1,1,1,0,0,1,1,2,0,0,1,0,2,1,0,0
561,1,1,1,2,0,0,0,1,2,1,1,1,1,1,0,2,1,1,2,0,0,0,0,2,0,0,0
562,2,1,1,3,1,0,0,1,3,1,1,1,1,1,0,3,1,0,0,0,0,0,0,1,1,0,0
563,0,1,0,1,1,3,3,0,1,1,3,0,1,1,1,0,1,1,1,0,1,1,0,0,1,0,0
564,0,1,1,2,1,0,0,0,1,1,2,1,1,1,0,0,1,1,1,0,0,0,0,1,1,0,0
565,1,1,1,3,1,0,0,0,0,1,1,1,1,1,0,1,1,0,0,0,0,0,0,0,1,0,0
566,2,1,2,1,0,1,1,1,2,0,2,0,1,1,0,2,1,1,3,0,0,0,0,2,0,0,2
567,0,1,0,3,1,0,0,0,1,1,2,1,1,1,0,0,1,0,1,0,1,1,0,0,1,0,0
568,0,1,0,2,1,0,0,0,1,1,1,0,0,1,0,0,1,1,1,0,1,0,0,0,1,0,2
569,2,1,1,2,0,2,2,1,2,0,2,0,0,1,2,2,1,0,2,1,2,0,0,2,0,0,2
570,2,0,0,1,0,3,3,2,3,0,3,0,0,1,2,3,1,1,2,2,2,1,0,3,0,0,2
571,1,1,1,1,0,0,0,0,2,0,1,1,1,1,0,2,1,1,2,0,0,0,0,0,0,0,2
572,2,1,1,3,0,1,1,1,3,0,1,0,0,1,0,3,1,0,0,0,1,0,0,2,0,0,2
573,2,1,1,1,1,2,2,0,0,0,2,0,0,1,0,1,1,1,3,0,1,1,2,0,1,0,2
574,0,1,1,2,1,3,3,0,0,1,1,0,0,1,1,1,1,0,3,2,2,1,2,2,0,0,2
575,2,0,0,1,0,0,0,1,3,0,1,0,0,1,0,3,1,0,2,0,1,0,0,3,0,0,2
576,2,0,0,1,0,0,0,1,3,0,3,2,1,1,0,3,1,1,1,0,0,1,0,3,0,0,0
577,0,1,2,3,1,0,0,0,1,1,3,2,2,0,0,0,1,0,1,0,0,1,0,1,1,0,0
578,2,1,1,2,0,0,0,1,3,0,2,1,1,1,0,3,1,0,2,0,0,0,0,2,0,0,0
579,0,1,2,3,1,0,0,0,1,1,1,2,2,0,0,0,1,0,1,0,0,1,0,0,1,0,0
580,1,1,0,2,1,0,0,0,0,1,1,2,2,1,0,1,1,0,0,0,0,0,0,1,1,0,0
581,2,1,0,1,0,0,0,2,3,0,1,0,1,1,0,3,1,1,1,0,0,1,0,3,0,0,0
582,1,1,1,2,1,0,0,1,1,1,2,2,2,1,0,0,1,1,2,0,0,0,0,2,1,0,0
583,0,1,0,2,1,0,0,0,1,1,2,1,1,1,0,0,1,1,1,0,1,0,0,0,1,0,0
584,0,1,0,2,1,0,0,0,1,1,1,1,1,1,0,0,1,1,1,0,1,1,0,0,1,0,0
585,1,1,2,2,1,3,3,1,1,1,3,0,0,0,1,0,1,1,0,2,2,1,1,1,1,0,2
586,0,1,0,1,1,3,3,0,1,1,2,0,0,1,1,0,1,1,3,2,3,1,0,0,1,0,0
587,1,0,0,3,0,2,2,1,2,0,1,0,0,1,2,2,1,0,0,1,2,1,0,2,0,0,2
588,0,1,2,3,1,0,0,0,0,1,0,2,2,1,0,1,1,0,1,0,1,1,0,0,1,0,0
589,0,1,1,2,1,0,0,0,0,1,0,1,1,1,0,1,1,1,3,0,0,0,0,0,1,0,0
590,2,1,1,0,0,0,0,1,2,1,1,1,1,1,0,2,1,1,0,0,0,0,0,2,0,0,2
591,2,0,0,1,0,0,0,1,3,0,0,0,0,1,0,3,1,1,3,0,1,0,0,2,0,0,2
592,2,1,1,2,0,0,0,0,2,0,2,1,1,1,0,2,1,0,0,0,1,0,0,1,0,0,0
593,1,1,0,2,0,0,0,1,2,1,1,1,1,1,0,2,1,1,2,0,1,1,0,2,0,0,0
594,0,1,2,2,1,0,0,0,1,1,1,1,1,0,0,0,1,1,1,0,0,0,0,1,1,0,0
595,2,1,1,3,0,0,0,0,2,0,1,2,2,1,0,2,1,0,0,0,0,0,0,1,0,0,0
596,0,1,1,2,1,0,0,0,1,1,0,1,1,1,0,1,1,1,1,0,0,1,0,1,1,0,0
597,2,0,0,2,0,2,3,1,3,0,1,0,0,1,2,3,1,0,2,1,2,0,2,1,0,0,0
598,0,1,1,1,1,3,3,0,2,1,2,0,0,1,1,0,1,1,1,2,2,0,3,0,1,0,2
599,1,1,1,3,1,0,0,1,2,1,1,1,1,1,0,1,1,0,0,0,1,0,0,2,0,0,0
600,0,1,0,1,0,2,2,0,1,1,1,0,1,1,1,1,1,1,1,0,2,0,0,0,0,0,0
601,1,1,1,1,1,0,0,2,2,1,1,1,1,1,0,0,1,1,2,0,1,0,0,2,1,0,1
602,0,1,0,1,1,3,3,0,1,1,3,0,0,1,1,0,1,1,1,1,1,1,0,0,1,0,2
603,1,1,1,2,1,0,0,1,2,1,1,1,1,1,0,0,1,1,0,0,1,1,0,1,0,0,2
604,2,1,1,2,0,0,0,2,2,1,2,1,1,1,0,2,1,0,0,0,1,0,0,3,0,0,0
605,2,1,1,2,0,1,1,0,0,0,3,0,0,1,0,1,1,0,2,0,0,1,0,0,0,0,2
606,0,1,0,2,1,0,0,0,1,1,3,1,1,1,0,0,1,0,2,0,0,1,0,0,1,0,0
607,0,1,2,2,1,0,0,0,1,1,3,2,2,1,0,0,1,0,1,0,1,0,0,0,1,0,0
608,0,1,2,2,1,0,0,0,1,1,1,1,1,1,0,1,1,1,1,0,0,0,0,0,1,0,0
609,2,1,2,2,0,0,0,0,0,0,1,1,1,1,0,2,1,0,0,0,1,0,0,0,0,0,0
610,1,1,1,2,1,0,0,0,0,1,1,1,1,1,0,1,1,1,3,0,0,0,0,0,1,0,0
611,1,1,1,3,1,1,1,1,2,1,2,0,0,1,0,0,1,0,0,0,0,1,0,1,1,0,1
612,2,1,2,3,1,0,0,2,3,0,1,2,2,0,0,3,1,0,0,0,0,0,0,3,0,0,0
613,0,1,1,2,1,0,0,0,1,1,1,1,1,1,0,0,1,1,1,0,1,1,0,1,1,0,0
614,0,1,1,2,1,0,0,0,1,1,3,1,1,1,0,0,1,1,2,0,0,0,0,0,1,0,0
615,1,1,0,2,1,0,0,2,2,1,2,0,0,1,0,0,1,1,0,0,0,0,0,2,1,0,1
616,0,1,0,1,0,0,0,0,1,1,2,0,0,1,0,2,1,1,1,0,1,0,0,2,0,0,2
617,0,1,2,3,1,0,0,1,2,1,2,0,0,0,0,0,1,0,3,0,0,1,0,2,1,0,0
618,0,1,0,3,1,0,0,0,1,1,1,1,1,1,0,0,1,0,1,0,0,0,0,1,1,0,0
619,3,1,0,1,0,0,0,1,2,1,2,2,1,1,0,2,1,0,0,0,0,0,0,3,0,0,1
620,1,1,0,2,0,0,0,1,2,1,2,1,1,1,0,2,1,1,2,0,0,0,0,2,0,0,0
621,1,1,0,1,0,0,0,1,2,0,2,2,2,1,0,2,1,1,2,0,0,0,0,3,0,0,1
622,1,1,1,2,1,0,0,1,2,1,2,1,1,1,0,0,1,1,2,0,1,1,0,2,0,0,0
623,2,1,1,2,0,0,0,1,2,1,2,0,0,1,0,1,1,0,2,0,0,0,0,3,0,0,2
624,0,1,1,3,1,0,0,0,1,1,2,1,1,1,0,0,1,0,1,0,1,0,0,1,1,0,0
625,0,1,1,1,1,0,0,0,0,0,2,0,0,1,0,2,1,1,3,0,0,1,0,1,1,0,2
626,2,1,1,1,0,0,0,1,3,0,2,1,1,1,0,3,1,1,1,0,0,0,0,2,0,0,1
627,1,1,1,1,1,2,2,1,2,1,2,0,0,1,2,2,1,1,1,0,2,0,0,1,1,0,2
628,0,1,2,0,1,2,2,1,2,1,1,0,1,1,1,0,1,1,3,1,2,0,0,1,1,0,2
629,2,1,1,1,0,2,2,1,2,1,2,0,0,1,2,2,1,1,2,0,2,0,0,3,0,0,2
630,2,1,0,1,0,0,0,0,0,0,2,1,1,1,0,4,1,0,1,0,0,1,0,0,0,0,2
631,2,1,1,2,1,0,0,2,2,1,0,1,1,1,0,2,1,0,0,0,1,0,0,2,1,0,0
632,1,1,1,3,1,0,0,1,2,1,1,1,1,1,0,0,1,0,0,0,0,0,0,2,0,0,0
633,0,1,2,3,0,3,3,1,1,1,2,0,0,0,1,1,1,0,3,1,2,1,1,2,0,0,1
634,0,1,1,3,1,2,2,1,2,1,2,0,0,1,1,0,1,0,1,1,2,0,0,1,1,1,1
635,2,1,1,2,0,0,0,1,3,0,1,1,1,1,0,3,1,1,0,0,0,1,0,2,0,0,0
636,1,1,1,2,1,0,0,2,2,1,2,2,2,1,0,0,1,1,2,0,1,1,0,3,0,0,0
637,1,1,1,2,1,0,0,2,2,1,2,1,1,1,0,2,1,1,2,0,1,1,0,2,1,0,0
638,0,1,1,2,1,0,0,0,1,1,2,1,1,1,0,0,1,1,1,0,1,0,0,0,1,0,0
639,0,1,1,1,1,0,0,0,1,1,1,0,0,1,0,0,1,1,1,0,0,0,0,0,1,0,2
640,1,1,1,2,1,0,0,0,1,1,1,1,1,1,0,0,1,0,2,0,0,0,0,0,1,0,0
641,0,1,1,3,1,2,2,2,2,1,1,0,0,1,1,1,1,1,1,0,1,0,0,2,1,0,2
642,1,1,1,2,0,1,1,1,2,1,3,1,1,1,0,2,1,1,0,0,0,0,0,2,0,0,0
643,1,0,0,2,1,1,1,1,2,1,1,0,0,1,0,0,1,1,0,0,0,1,0,3,0,0,2
644,1,1,1,2,0,0,0,1,2,1,1,1,1,1,0,2,1,1,2,0,0,0,0,2,0,0,0
645,2,1,2,3,0,0,0,1,3,0,1,2,2,0,0,3,1,0,0,0,0,0,0,3,0,0,0
646,2,1,1,2,0,0,0,2,2,0,1,1,1,1,0,2,1,0,0,0,0,0,0,3,0,0,0
647,0,1,2,1,1,3,0,2,2,1,3,0,0,1,0,0,1,1,3,1,1,1,2,3,1,0,2
648,0,1,1,1,1,0,0,0,0,0,2,2,1,1,0,0,1,1,1,0,0,0,0,0,1,0,0
649,0,1,1,3,1,3,3,0,1,1,2,0,0,1,1,0,1,0,1,2,2,0,1,0,1,3,2
650,1,1,1,1,1,0,0,1,2,1,2,2,1,1,0,0,1,1,1,0,0,0,0,0,1,0,0
651,2,1,1,2,0,0,0,0,0,0,2,1,1,1,0,2,1,0,0,0,0,0,0,0,0,0,0
652,0,1,1,1,0,0,0,2,2,0,1,2,2,1,0,2,1,1,3,0,0,1,0,3,0,0,0
653,0,1,0,1,1,0,0,0,1,1,1,0,0,1,0,1,1,1,1,0,0,0,0,0,1,0,2
654,0,1,2,3,1,0,0,0,1,1,2,1,1,0,0,0,1,0,3,0,0,1,0,0,1,0,1
655,1,1,1,2,1,0,0,1,2,1,0,0,0,1,0,2,1,1,3,0,0,0,0,1,1,0,2
656,0,1,1,1,1,0,0,0,1,1,1,1,1,1,0,0,1,1,2,0,0,0,0,0,1,0,1
657,1,1,1,3,0,0,0,1,2,0,2,1,1,1,0,2,1,0,3,0,1,1,0,1,0,0,0
658,1,1,0,2,1,0,0,2,2,1,2,1,1,1,0,0,1,1,0,0,0,0,0,3,1,0,0
659,2,1,1,2,0,0,0,1,3,0,2,1,1,1,0,3,1,0,2,0,1,0,0,2,0,0,0
660,0,1,1,2,1,0,0,0,1,1,1,1,1,1,0,1,1,1,1,0,1,0,0,1,1,0,1
661,1,1,0,2,1,0,0,0,1,1,1,1,1,1,0,1,1,1,2,0,0,0,0,1,1,0,0
662,0,1,2,1,1,0,0,0,1,1,1,1,1,1,0,1,1,1,1,0,1,1,0,1,1,0,2
663,0,1,1,1,1,3,3,0,1,1,1,0,0,1,1,0,1,1,1,1,2,1,0,1,1,1,2
664,2,1,1,3,0,0,0,1,3,0,2,0,0,1,0,3,1,0,0,0,1,0,0,3,0,0,0
665,2,1,0,1,1,0,0,2,3,1,1,0,0,1,0,1,1,1,0,0,0,0,0,3,0,0,2
666,0,1,1,2,1,0,0,0,1,1,2,2,2,1,0,0,1,1,1,0,1,0,0,0,1,0,0
667,0,1,1,1,1,0,0,0,0,1,1,2,2,1,0,2,1,1,1,0,1,0,0,1,1,0,0
668,1,1,1,2,0,0,0,0,2,0,1,0,0,1,0,2,1,1,2,0,0,0,0,0,0,0,2
669,2,1,2,0,0,0,0,1,3,0,1,0,1,1,0,3,1,1,0,0,0,0,0,2,0,0,2
670,1,1,0,1,1,2,2,0,1,1,1,0,1,1,1,1,1,1,2,0,1,0,0,0,1,1,0
671,1,1,0,3,0,0,0,0,0,0,0,0,0,1,0,3,1,0,0,0,0,0,0,0,0,0,1
672,0,1,1,2,1,0,0,0,1,1,2,1,1,1,0,0,1,1,1,0,0,1,0,1,1,0,0
673,1,1,2,3,1,0,0,0,2,1,0,1,1,0,0,1,1,0,0,0,0,0,0,0,1,0,0
674,2,1,1,2,0,0,0,1,2,1,1,1,1,1,0,2,1,0,2,0,1,0,0,2,0,0,0
675,1,1,1,3,1,0,0,0,1,1,1,1,1,1,0,0,1,0,0,0,1,1,0,0,1,0,0
676,0,1,1,1,1,0,0,0,1,1,1,1,1,1,0,0,1,1,3,0,1,1,0,1,1,0,2
677,0,1,1,1,0,0,0,1,1,1,2,2,1,1,0,1,1,1,1,0,1,1,0,3,0,0,0
678,1,1,1,3,1,0,0,1,2,1,2,1,1,1,0,0,1,0,0,0,0,0,0,1,1,0,0
679,1,1,1,2,0,0,0,1,2,1,2,1,1,1,0,2,1,1,2,0,0,0,0,2,0,0,0
680,0,1,1,2,1,0,0,1,2,1,2,1,1,1,0,1,1,1,1,0,0,0,0,2,0,0,0
681,0,1,2,2,1,0,0,0,1,1,2,1,1,1,0,0,1,1,3,0,0,1,0,0,1,0,0
682,2,1,1,3,0,3,3,1,2,1,3,0,0,1,2,2,1,0,0,2,3,0,1,1,0,1,2
683,2,1,1,1,0,0,0,1,3,0,2,1,1,1,0,3,1,1,0,0,0,0,0,3,0,0,2
684,1,1,1,2,1,0,0,1,2,1,2,1,1,1,0,1,1,0,2,0,0,0,0,1,1,0,0
685,0,1,1,2,1,0,0,2,2,1,2,1,1,1,0,2,1,1,1,0,0,1,0,3,0,0,0
686,1,1,1,2,1,0,0,1,2,1,1,1,1,1,0,0,1,1,2,0,1,0,0,2,1,0,0
687,2,1,1,2,0,0,0,2,3,0,1,1,1,1,0,3,1,0,2,0,0,0,0,3,0,0,0
688,2,1,1,1,0,0,0,2,2,1,0,0,1,1,0,2,1,0,1,0,1,0,0,3,0,0,1
689,0,0,0,1,1,0,0,0,1,1,3,2,1,1,0,0,1,1,1,0,0,1,0,0,1,0,0
690,0,1,1,2,1,0,0,0,1,1,0,0,0,1,0,1,1,1,1,0,1,1,0,0,1,0,2
691,1,1,1,3,1,0,0,0,2,1,2,0,0,1,0,0,1,0,0,0,1,1,0,1,1,0,2
692,1,1,2,2,1,0,0,1,2,1,1,1,1,1,0,0,1,0,2,0,0,1,0,1,1,0,0
693,0,1,1,2,0,0,0,2,2,1,0,2,2,1,0,2,1,1,1,0,1,1,0,3,0,0,0
694,2,1,2,2,1,2,2,1,3,1,1,0,0,1,2,3,1,0,0,2,2,0,0,1,1,0,0
695,2,1,1,2,0,0,0,0,0,0,1,1,1,1,0,2,1,0,0,0,0,0,0,0,0,0,0
696,1,1,1,2,0,0,0,0,0,0,2,2,2,1,0,2,1,1,2,0,0,0,0,0,0,0,0
697,0,1,1,3,1,0,0,0,1,1,0,2,2,1,0,1,1,0,1,0,0,0,0,1,1,0,0
698,0,1,0,1,1,2,2,1,1,1,2,0,0,1,1,0,1,1,1,2,2,0,0,1,1,0,2
699,1,1,1,3,1,0,0,0,0,1,3,2,1,1,0,0,1,0,0,0,0,0,0,1,1,0,0
700,2,1,0,2,1,0,0,2,3,1,1,1,1,1,0,2,1,0,3,0,1,0,0,3,0,0,0
701,1,1,1,2,1,0,0,2,2,1,3,1,1,1,0,0,1,1,3,0,0,0,0,2,1,0,0
702,2,1,1,1,0,0,0,0,0,0,2,2,2,1,0,2,1,1,2,0,0,0,0,1,0,0,0
703,2,1,2,3,0,0,0,1,3,0,1,1,1,0,0,3,1,0,0,0,1,0,0,2,0,0,0
704,0,1,2,2,1,3,3,0,1,1,2,0,0,1,1,0,1,1,1,1,1,0,1,1,1,0,1
705,0,1,0,1,0,1,0,1,2,1,1,0,0,1,0,2,1,1,1,0,0,0,0,3,0,0,2
706,0,1,2,2,1,0,0,1,1,1,0,1,1,0,0,0,1,1,1,0,1,0,0,2,1,0,0
707,1,1,1,3,1,0,0,0,1,1,1,1,1,1,0,0,1,0,3,0,0,0,0,0,1,0,0
708,1,1,1,2,0,3,3,2,2,1,0,0,0,1,2,2,1,1,0,1,2,1,0,3,0,0,2
709,1,1,1,2,1,0,0,2,2,1,2,1,1,1,0,0,1,1,2,0,0,0,0,3,1,0,0
710,0,1,2,3,1,0,0,0,1,1,1,1,1,0,0,0,1,0,1,0,0,0,0,0,1,0,0
711,1,1,1,2,1,3,3,1,2,1,2,0,0,1,1,0,1,0,0,0,1,0,0,1,1,0,2
712,2,1,1,1,0,0,0,1,3,0,2,2,1,1,0,3,1,1,1,0,1,0,0,2,0,0,2
713,2,1,1,2,1,0,0,0,2,1,3,1,1,1,0,0,1,0,2,0,0,0,0,0,1,0,0
714,2,0,0,3,0,0,0,1,3,0,2,2,1,1,0,3,1,0,0,0,1,0,0,2,0,0,0
715,1,1,1,2,1,0,0,2,2,1,1,1,1,1,0,1,1,0,2,0,0,0,0,3,1,0,0
716,1,1,1,2,1,0,0,2,2,1,2,1,1,1,0,1,1,1,2,0,1,0,0,2,1,0,0
717,2,1,2,2,0,0,0,0,0,0,3,1,1,1,0,2,1,1,2,0,0,0,0,0,0,0,0
718,1,1,0,1,1,0,0,2,2,1,2,1,1,1,0,0,1,1,2,0,1,0,0,3,1,0,2
719,2,1,1,1,0,0,0,1,3,0,0,0,0,1,0,3,1,1,0,0,0,0,0,1,0,0,2
720,1,1,0,1,1,3,3,1,2,1,2,0,0,1,1,0,1,1,1,0,1,1,0,2,1,0,2
721,0,1,1,3,1,0,0,1,1,1,3,0,0,1,0,0,1,0,1,0,1,1,0,2,1,0,2
722,0,1,2,2,1,0,0,0,0,1,2,1,1,1,0,0,1,1,1,0,1,1,0,0,1,0,0
723,0,1,1,2,1,0,0,0,1,1,1,2,2,1,0,1,1,1,1,0,0,0,0,1,1,0,0
724,2,1,0,2,0,1,2,0,0,0,1,0,0,1,2,2,1,0,0,0,2,0,2,0,0,0,2
725,0,1,1,2,1,0,0,0,1,1,3,1,1,1,0,0,1,0,3,0,1,1,0,1,1,0,0
726,2,1,0,1,0,1,1,0,0,0,3,0,0,1,0,2,1,1,0,0,0,0,0,1,0,0,2
727,2,1,1,3,0,1,1,0,1,1,0,0,0,1,0,1,1,0,0,0,1,0,1,0,0,0,2
728,0,1,0,1,1,0,0,1,2,1,2,1,1,1,0,0,1,1,1,0,0,0,0,1,1,0,1
729,1,1,1,1,1,1,0,1,2,1,2,0,0,1,0,1,1,1,1,0,1,0,0,2,1,0,2
730,0,1,1,2,1,0,0,0,1,1,1,1,1,1,0,1,1,1,1,0,0,0,0,0,1,0,0
731,1,1,2,2,0,0,0,1,2,0,1,2,2,0,0,2,1,1,0,0,0,0,0,2,0,0,0
732,0,1,1,2,1,0,0,0,1,1,3,1,1,1,0,0,1,1,1,0,1,0,0,1,1,0,0
733,0,1,1,1,1,0,0,2,2,1,1,2,1,1,0,1,1,1,1,0,0,1,0,2,1,0,0
734,0,1,1,1,1,0,0,0,1,1,2,1,1,1,0,0,1,1,1,0,0,1,0,0,1,0,2
735,0,1,0,2,1,0,0,1,1,1,2,1,1,1,0,0,1,1,1,0,0,1,0,0,1,0,0
736,1,1,1,3,0,2,2,0,2,1,1,0,0,1,2,2,1,0,3,1,2,0,0,1,0,0,1
737,0,1,2,2,1,0,0,0,1,1,3,1,1,0,0,0,1,1,1,0,0,1,0,2,0,0,1
738,0,1,1,1,1,0,0,0,1,1,1,1,1,1,0,0,1,1,1,0,0,1,0,0,1,0,0
739,0,1,1,1,1,0,0,0,1,1,2,2,2,1,0,0,1,1,3,0,0,0,0,1,1,0,0
740,0,1,1,1,1,0,0,1,2,1,2,2,2,1,0,0,1,1,1,0,1,1,0,1,0,0,0
741,2,1,2,3,0,0,0,1,3,0,1,2,2,0,0,3,1,0,0,0,0,0,0,2,0,0,0
742,0,1,1,3,1,1,1,0,1,1,0,0,0,1,0,1,1,0,3,0,0,1,0,0,1,0,2
743,0,1,0,1,0,3,3,0,0,1,1,0,0,1,2,2,1,1,1,2,2,1,1,0,0,0,2
744,0,1,1,2,1,0,0,0,1,1,0,1,1,1,0,1,1,1,1,0,0,1,0,0,1,0,0
745,1,1,1,2,1,1,1,1,2,1,2,0,0,1,0,0,1,0,2,0,0,1,0,2,0,0,2
746,0,0,0,1,1,0,0,0,1,1,1,1,1,1,0,0,1,1,1,0,1,0,0,0,1,0,1
747,1,1,2,3,0,0,0,0,0,0,1,0,0,0,0,2,1,0,0,0,0,0,0,0,0,0,2
748,1,1,1,3,1,0,0,1,2,1,1,1,1,1,0,0,1,0,0,0,0,0,0,2,1,0,0
749,1,1,0,1,1,2,1,2,2,1,3,0,0,1,0,0,1,1,2,0,0,0,0,2,1,0,2
750,0,1,1,2,1,0,0,0,1,1,1,1,1,1,0,0,1,1,1,0,0,0,0,1,1,0,0
751,2,1,1,2,0,0,0,0,0,0,3,1,1,1,0,1,1,0,0,0,1,0,0,2,0,0,0
752,2,1,2,2,0,0,0,0,0,1,0,0,0,1,0,2,1,0,2,0,0,0,0,2,0,0,2
753,0,1,1,2,0,0,0,2,2,1,2,1,1,1,0,2,1,1,2,0,0,1,0,3,0,0,0
754,2,1,1,2,0,0,0,0,3,0,1,1,1,1,0,3,1,0,0,0,1,0,0,1,0,0,0
755,1,1,0,2,1,0,0,2,2,1,2,1,1,1,0,0,1,0,2,0,0,1,0,2,1,0,0
756,1,0,0,1,1,0,0,2,2,1,2,2,2,1,0,0,1,1,1,0,0,0,0,2,1,0,2
757,1,1,0,2,1,3,3,2,2,1,1,0,0,1,1,1,1,1,2,2,3,0,0,2,1,0,1
758,2,1,1,2,1,0,0,2,3,1,3,1,1,1,0,1,1,0,0,0,1,0,0,3,0,0,0
759,0,1,0,3,1,0,0,0,1,1,2,1,1,1,0,0,1,0,3,0,0,0,0,0,1,0,0
760,1,1,1,3,1,0,0,0,1,1,2,2,2,1,0,0,1,0,0,0,0,0,0,1,1,0,0
761,2,0,0,1,0,3,3,1,2,1,2,0,0,1,2,2,1,1,3,2,3,0,2,2,0,0,2
762,0,1,1,3,0,0,0,0,1,1,3,2,2,1,0,1,1,0,1,0,1,1,0,1,0,0,0
763,2,1,1,2,0,0,0,0,3,0,2,1,1,1,0,3,1,0,2,0,0,0,0,1,0,0,0
764,0,1,1,2,1,0,0,0,2,1,1,0,0,1,0,0,1,1,1,0,0,1,0,1,0,0,2
765,1,1,1,1,1,0,0,0,0,1,2,1,1,1,0,1,1,1,3,0,1,0,0,0,1,0,0
766,0,1,1,2,1,2,2,0,1,1,1,0,0,1,0,0,1,1,1,0,0,1,2,1,0,0,2
767,0,1,2,1,1,3,3,0,1,1,2,0,0,1,1,0,1,1,1,1,2,0,3,0,1,0,2
768,0,1,1,2,1,0,0,0,1,1,2,1,1,1,0,0,1,1,1,0,1,1,0,1,1,0,0
769,1,1,1,2,1,0,0,2,2,1,2,1,1,1,0,2,1,0,0,0,0,0,0,2,1,0,0
770,0,1,0,3,1,0,0,0,1,1,3,1,1,1,0,0,1,0,3,0,0,0,0,0,1,0,0
771,1,1,1,3,1,0,0,1,2,1,1,1,1,1,0,1,1,0,0,0,0,0,0,0,1,0,0
772,2,0,0,1,0,0,0,1,2,0,1,1,1,1,0,2,1,1,3,0,1,0,0,2,0,0,0
773,2,1,2,2,0,2,0,2,2,1,2,0,0,1,0,2,1,0,3,2,2,0,0,3,0,0,2
774,2,1,2,2,1,0,0,1,3,1,2,1,1,1,0,0,1,0,2,0,1,0,0,2,0,0,1
775,1,1,1,2,0,3,3,1,2,1,1,0,0,1,2,2,1,1,0,0,2,1,0,2,0,0,2
776,0,1,1,1,1,0,0,0,1,1,1,1,1,1,0,1,1,1,3,0,1,0,0,0,1,0,1
777,1,1,1,3,0,0,0,0,2,0,1,1,1,1,0,2,1,0,3,0,0,0,0,1,0,0,0
778,1,1,1,3,0,0,0,0,1,1,3,0,0,1,0,1,1,0,0,0,0,0,0,0,0,0,2
779,0,1,1,2,1,0,0,1,1,1,2,0,0,1,0,0,1,1,1,0,0,1,0,2,0,0,2
780,1,1,1,2,1,0,0,0,1,1,2,1,1,1,0,0,1,0,2,0,0,1,0,0,1,0,0
781,1,1,1,1,0,0,0,2,2,1,1,0,0,1,0,2,1,1,2,0,0,0,0,3,0,0,2
782,2,1,0,3,0,1,1,1,2,0,1,0,0,1,0,2,1,0,0,0,1,0,0,2,0,0,1
783,2,1,1,2,0,2,2,1,1,1,1,0,0,1,1,1,1,1,0,0,1,0,2,2,0,2,2
784,1,1,1,2,0,0,0,0,0,0,2,1,1,1,0,2,1,0,0,0,0,0,0,1,0,0,2
785,0,1,1,2,0,3,3,1,2,1,2,0,0,1,2,2,1,1,1,0,2,1,0,3,0,0,2
786,1,1,1,2,0,3,3,1,1,1,1,0,0,1,1,0,1,1,0,2,3,0,0,2,0,0,1
787,1,1,1,2,1,0,0,0,1,1,0,1,1,1,0,1,1,1,2,0,1,0,0,0,1,0,0
788,1,1,1,2,1,0,0,0,0,1,2,1,1,1,0,1,1,1,0,0,1,1,0,0,1,0,0
789,2,1,2,3,0,3,3,0,2,1,3,0,0,1,2,2,1,0,0,0,2,0,2,0,0,0,0
790,1,1,2,3,1,0,0,1,2,1,2,1,1,0,0,0,1,0,0,0,0,0,0,1,1,0,0
791,0,1,1,2,1,0,0,0,0,1,1,1,1,1,0,0,1,1,1,0,0,0,0,1,0,0,0
792,1,1,1,2,1,0,0,1,2,1,1,0,0,1,0,1,1,1,2,0,0,0,0,2,0,0,1
793,0,1,1,1,1,2,2,0,0,1,1,0,0,1,1,1,1,1,1,0,1,1,0,0,1,0,2
794,0,1,2,2,1,0,0,0,1,1,1,2,2,0,0,0,1,1,1,0,0,0,0,0,1,0,0
795,1,1,1,2,1,1,1,2,2,1,1,0,0,1,0,0,1,1,2,0,0,0,0,3,1,0,2
796,2,1,2,2,0,0,0,1,3,0,2,1,1,0,0,3,1,0,3,0,0,0,0,2,0,0,2
797,0,1,2,2,1,0,0,0,1,1,1,2,2,0,0,0,1,1,3,0,0,1,0,0,1,0,0
798,1,1,1,1,1,0,0,0,1,1,1,2,1,1,0,1,1,1,2,0,0,0,0,0,1,0,1
799,2,1,1,2,0,0,0,2,3,0,0,0,0,1,0,3,1,0,0,0,0,0,0,3,0,0,2
800,2,1,1,2,0,0,0,1,2,1,3,1,1,1,0,2,1,0,0,0,1,0,0,3,0,0,0
801,1,1,1,2,1,3,3,1,2,1,2,0,0,1,1,0,1,1,0,2,3,0,2,1,1,0,2
802,0,1,0,1,1,0,0,2,2,1,1,0,1,1,0,0,1,1,1,0,0,1,0,3,1,0,2
803,0,1,1,3,1,3,3,0,1,1,1,0,0,1,1,0,1,0,1,1,2,0,1,1,1,1,1
804,0,1,2,3,1,1,1,0,1,1,3,1,1,0,1,0,1,0,1,0,1,1,0,0,1,0,0
805,0,1,1,3,1,0,0,0,1,1,2,2,2,1,0,0,1,0,1,0,1,1,0,0,1,0,0
806,2,1,1,2,0,3,3,1,1,1,2,0,0,1,1,1,1,0,2,2,2,1,3,1,0,0,2
807,1,1,1,2,0,3,3,0,1,1,1,0,0,1,1,1,1,0,3,2,2,0,0,2,0,0,2
808,2,1,1,2,0,0,0,1,2,1,3,1,1,1,0,2,1,0,0,0,1,0,0,2,0,0,0
809,2,1,1,3,0,0,0,2,3,0,3,1,1,1,0,3,1,0,0,0,1,0,0,3,0,0,0
810,1,0,0,2,1,3,3,1,2,1,1,0,0,1,2,2,1,1,0,2,3,0,0,2,1,1,2
811,2,1,1,2,1,2,2,1,2,1,3,1,1,1,1,0,1,0,0,2,2,0,1,1,1,0,0
812,2,1,1,1,0,3,3,0,0,1,2,0,1,1,2,2,1,1,2,1,2,0,0,0,0,0,1
813,0,1,2,2,1,0,0,0,1,1,0,1,1,0,0,1,1,0,1,0,1,0,0,0,1,0,0
814,1,0,0,1,1,0,0,1,2,1,1,2,2,1,0,0,1,1,2,0,1,1,0,2,1,0,2
815,1,1,1,2,1,0,0,1,2,1,1,1,1,1,0,1,1,1,2,0,0,1,0,2,1,0,0
816,2,1,1,3,0,0,0,0,0,0,1,1,1,1,0,2,1,0,0,0,1,0,0,1,0,0,0
817,2,1,2,2,0,0,0,2,3,0,2,1,1,1,0,3,1,0,0,0,0,0,0,3,0,0,0
818,2,0,0,1,0,0,0,1,3,0,3,1,1,1,0,3,1,0,1,0,1,0,0,2,0,0,1
819,1,1,1,2,1,0,0,0,1,1,1,1,1,1,0,0,1,1,2,0,0,1,0,0,1,0,0
820,2,1,0,2,0,0,0,1,3,0,2,0,0,1,0,3,1,0,2,0,1,0,0,2,0,0,2
821,2,1,1,2,0,2,2,1,3,0,2,1,1,1,2,3,1,0,0,1,2,0,0,3,0,0,0
822,0,1,1,3,1,0,0,0,1,1,2,1,1,1,0,0,1,0,1,0,1,0,0,0,1,0,0
823,2,1,2,2,0,3,3,0,0,1,2,0,0,1,2,2,1,0,0,1,2,0,3,0,0,0,2
824,1,1,1,2,1,0,0,1,2,1,2,1,1,1,0,0,1,1,2,0,1,0,0,1,1,0,0
825,2,1,1,2,0,0,0,1,3,0,3,1,1,1,0,3,1,0,0,0,1,0,0,2,0,0,0
826,1,1,2,3,1,1,1,0,1,1,2,2,2,0,0,0,1,0,0,0,0,0,0,0,1,0,0
827,0,0,0,2,1,3,3,2,2,1,2,0,0,1,1,0,1,1,1,1,2,0,0,3,0,2,2
828,0,0,0,1,1,3,3,0,1,1,1,0,0,1,1,1,1,1,1,2,2,1,0,1,1,0,2
829,0,1,1,1,1,2,2,0,1,1,1,0,0,1,0,0,1,1,1,0,0,1,2,0,1,0,2
830,1,1,2,3,1,0,0,2,0,1,3,2,1,0,0,0,1,0,0,0,1,0,0,3,1,0,0
831,0,1,2,1,1,0,0,0,1,1,3,1,1,1,0,0,1,1,3,0,1,1,0,0,1,0,0
832,1,1,2,1,1,3,3,1,2,1,1,0,0,1,1,0,1,1,1,1,1,0,0,1,1,0,2
833,0,1,2,3,1,2,3,0,1,1,3,0,0,0,1,0,1,0,1,0,1,1,2,0,1,0,0
834,0,1,0,2,1,0,0,0,1,1,1,1,1,1,0,0,1,1,1,0,0,0,0,0,1,0,0
835,2,1,0,1,0,3,3,1,2,1,1,0,1,1,2,2,1,1,2,1,2,0,0,2,0,0,1
836,1,1,1,2,1,3,3,0,1,1,2,0,0,1,1,0,1,1,2,1,1,0,2,1,1,1,1
837,2,0,0,1,0,3,3,1,3,0,2,0,0,1,2,3,1,0,3,1,2,0,0,1,0,0,2
838,2,1,1,1,0,0,0,1,3,0,3,2,1,1,0,3,1,1,2,0,0,0,0,3,0,0,1
839,2,1,1,1,0,0,0,1,2,1,2,2,1,1,0,2,1,0,1,0,0,0,0,1,0,0,1
840,2,1,2,2,0,0,0,0,0,0,3,2,2,0,0,3,1,0,0,0,1,1,0,0,0,0,0
841,1,1,1,3,1,0,0,1,1,1,2,2,1,1,0,0,1,0,0,0,0,1,0,2,1,0,0
842,1,1,1,3,1,1,1,1,2,1,1,0,0,1,0,0,1,0,0,0,1,0,0,1,1,0,2
843,0,1,0,1,1,2,2,0,1,1,2,0,0,1,1,0,1,1,1,0,1,0,1,1,1,0,2
844,2,1,2,2,0,0,0,0,2,1,2,2,2,1,0,2,1,0,0,0,0,0,0,1,0,0,0
845,0,1,1,2,0,0,0,1,1,1,1,1,1,1,0,1,1,1,1,0,0,1,0,2,0,0,0
846,2,1,1,2,0,0,0,2,3,0,1,1,1,1,0,3,1,0,0,0,1,0,0,3,0,0,0
847,1,1,2,3,1,0,0,2,2,1,2,2,2,0,0,0,1,0,0,0,0,0,0,3,0,0,0
848,0,1,2,3,0,3,3,1,1,1,3,0,0,1,2,2,1,0,3,2,2,0,1,2,0,0,2
849,1,1,1,2,1,0,0,0,2,1,2,1,1,1,0,0,1,1,0,0,0,0,0,1,1,0,0
850,2,1,1,2,1,0,0,1,2,1,1,0,0,1,0,1,1,0,2,0,1,0,0,1,1,0,2
851,0,1,1,2,0,0,0,1,2,0,2,1,1,1,0,2,1,0,1,0,0,1,0,2,0,0,0
852,0,1,1,1,1,0,0,0,1,1,2,2,1,1,0,0,1,1,1,0,0,0,0,1,1,0,0
853,0,1,1,3,1,0,0,0,0,1,0,1,1,1,0,2,1,0,2,0,0,1,0,0,1,0,0
854,1,1,1,2,0,0,0,0,1,1,2,1,1,1,0,1,1,1,2,0,0,0,0,0,0,0,0
855,0,1,1,2,1,0,0,0,1,1,2,1,1,1,0,0,1,1,2,0,0,1,0,1,1,0,1
856,2,1,1,1,0,2,2,1,2,1,3,0,1,1,2,2,1,0,1,2,2,0,0,2,0,0,1
857,0,1,1,2,0,0,0,0,0,0,1,0,0,1,0,2,1,0,1,0,1,0,0,1,0,0,2
858,2,1,2,2,0,0,0,2,2,0,1,1,1,0,0,2,1,0,0,0,0,0,0,3,0,0,0
859,1,1,1,3,0,0,0,0,2,1,1,2,1,1,0,1,1,0,0,0,0,0,0,0,0,0,0
860,0,1,1,3,1,0,0,0,1,1,2,1,1,1,0,0,1,0,1,0,0,1,0,0,0,0,0
861,2,1,2,2,1,0,0,2,3,0,2,1,1,1,0,0,1,0,0,0,1,0,0,3,1,0,0
862,0,1,1,1,1,0,0,0,0,1,2,1,1,1,0,0,1,1,1,0,0,1,0,1,0,0,0
863,0,1,1,3,0,0,0,1,2,1,1,1,1,1,0,2,1,0,1,0,0,0,0,1,0,0,0
864,0,1,1,2,1,1,1,0,1,1,3,0,0,1,0,0,1,1,1,0,0,0,0,0,1,0,1
865,1,1,1,2,1,2,2,0,0,1,1,1,1,1,2,2,1,1,2,0,2,0,2,0,1,0,0
866,0,1,1,2,1,3,3,1,2,1,1,0,0,1,2,2,1,1,1,1,2,0,0,1,1,0,2
867,2,1,1,3,1,0,0,1,3,1,1,2,1,1,0,3,1,0,0,0,0,0,0,1,1,0,0
868,1,1,1,2,1,0,0,0,1,1,2,1,1,1,0,0,1,1,0,0,1,1,0,1,1,0,0
869,0,0,0,1,1,3,3,0,0,1,2,0,0,1,1,0,1,1,1,2,2,1,2,0,1,0,2
870,0,1,0,2,1,0,0,2,2,1,2,2,2,1,0,0,1,1,1,0,0,0,0,2,1,0,0
871,0,1,1,2,1,0,0,1,2,1,1,2,2,1,0,1,1,1,1,0,0,0,0,1,1,0,0
872,2,1,1,3,0,1,1,2,3,0,1,0,0,1,0,3,1,0,0,0,1,0,0,3,0,0,2
873,1,1,1,3,0,0,0,0,0,0,1,0,0,1,0,2,1,0,0,0,1,0,0,1,0,0,2
874,2,1,1,2,0,0,0,0,0,0,2,1,1,1,0,1,1,0,0,0,0,1,0,1,0,0,0
875,1,1,1,2,0,0,0,0,1,1,2,1,1,1,0,1,1,0,0,0,1,1,0,0,0,0,0
876,2,1,1,3,0,0,0,1,3,0,2,1,1,1,0,3,1,0,0,0,0,0,0,1,0,0,0
877,1,1,1,2,0,0,0,0,1,1,2,0,0,1,0,1,1,1,2,0,0,0,0,2,0,0,2
878,0,1,0,1,1,0,0,2,2,1,1,0,0,1,0,1,1,1,1,0,0,0,0,3,0,0,2
879,2,1,1,2,1,0,0,0,3,1,2,1,1,1,0,3,1,0,2,0,0,0,0,0,1,0,0
880,1,1,0,2,1,0,0,2,2,1,1,1,1,1,0,0,1,1,2,0,1,0,0,2,1,0,0
881,1,1,1,2,1,0,0,0,0,0,1,1,1,1,0,1,1,1,2,0,1,0,0,1,1,0,1
882,0,1,1,2,1,0,0,0,1,1,1,1,1,1,0,1,1,1,1,0,0,0,0,0,1,0,0
883,1,1,1,2,0,0,0,0,1,1,1,1,1,1,0,1,1,1,2,0,0,0,0,2,0,0,1
884,2,0,0,1,0,3,3,1,2,1,2,0,0,1,2,2,1,1,2,2,2,0,0,2,0,2,2
885,0,1,1,2,1,0,0,1,1,1,1,0,0,1,0,0,1,1,2,0,0,0,0,0,1,0,2
886,1,1,1,2,1,0,0,1,0,1,2,0,0,1,0,0,1,1,2,0,1,0,0,1,1,0,2
887,1,1,1,1,0,0,0,1,1,1,1,0,0,1,0,2,1,1,0,0,1,1,0,2,0,0,2
888,2,1,1,1,0,1,0,1,3,0,1,0,0,1,0,3,1,1,2,0,1,0,0,3,0,0,2
889,0,1,1,2,1,2,3,0,1,1,2,0,0,1,1,0,1,1,1,0,1,0,0,0,1,0,2
890,1,1,1,1,1,0,0,2,2,1,2,2,1,1,0,0,1,1,2,0,0,1,0,2,1,0,0
891,0,1,1,3,1,0,0,0,1,1,2,1,1,1,0,0,1,0,2,0,0,0,0,0,1,0,0
892,1,1,0,1,1,2,2,0,1,1,3,0,0,1,0,0,1,1,2,0,0,0,2,0,1,0,2
893,1,1,1,2,1,0,0,2,2,1,1,0,0,1,0,2,1,1,3,0,0,1,0,3,1,0,1
894,0,1,1,2,1,0,0,0,1,1,1,1,1,1,0,1,1,1,1,0,0,0,0,0,1,0,0
895,2,1,1,2,0,2,2,0,0,0,3,0,0,1,2,2,1,1,0,1,2,0,0,1,0,0,1
896,0,1,2,2,0,3,3,1,1,1,2,0,0,1,1,1,1,1,1,1,1,0,1,2,0,0,2
897,0,1,1,2,1,0,0,0,1,1,2,1,1,1,0,0,1,1,1,0,0,0,0,0,1,0,0
898,1,1,1,2,1,0,0,0,2,1,2,0,0,1,0,0,1,1,0,0,0,0,0,0,1,0,2
899,2,1,2,1,1,3,3,1,2,1,2,0,0,1,0,0,1,1,2,2,2,0,3,0,1,0,2
900,1,1,1,1,1,2,2,0,1,1,2,0,1,1,0,0,1,1,1,0,0,0,1,0,1,0,1
901,0,1,1,2,1,3,3,0,1,1,1,0,0,1,1,1,1,1,1,0,1,0,1,0,1,0,2
902,2,0,0,1,0,1,1,1,3,0,2,0,0,1,0,3,1,1,2,0,1,0,0,2,0,0,2
903,0,1,1,3,0,1,1,0,1,1,1,0,0,1,0,2,1,0,1,0,0,0,0,0,0,0,2
904,1,1,1,2,1,3,1,2,2,1,1,0,0,1,0,0,1,1,0,1,1,0,0,2,1,0,1
905,0,1,1,2,1,0,0,0,1,1,1,1,1,1,0,0,1,1,1,0,0,1,0,1,0,0,0
906,0,1,2,3,1,0,0,0,0,1,2,2,2,1,0,1,1,0,1,0,0,0,0,0,1,0,0
907,1,1,1,2,1,0,0,0,1,1,1,1,1,1,0,1,1,0,2,0,0,1,0,0,0,0,0
908,1,1,1,2,0,0,0,1,2,1,1,1,1,1,0,2,1,1,0,0,0,0,0,2,0,0,0
909,0,0,0,1,0,0,0,1,1,1,0,1,1,1,0,1,1,1,2,0,0,0,0,1,0,0,0
910,0,1,1,1,1,2,2,0,1,1,1,0,1,1,0,0,1,1,1,0,0,0,0,0,1,0,0
911,2,1,1,3,1,0,0,0,0,1,1,2,2,1,0,0,1,0,0,0,0,0,0,1,1,0,0
912,0,1,1,2,1,0,0,2,2,1,3,1,1,1,0,0,1,1,1,0,0,0,0,3,0,0,0
913,1,1,1,1,1,3,2,2,2,1,2,0,0,1,0,0,1,1,2,1,1,0,0,3,0,0,2
914,0,1,1,2,1,0,0,0,1,1,3,1,1,1,0,0,1,1,1,0,0,0,0,0,1,0,0
915,0,1,1,2,1,3,3,0,1,1,2,0,0,1,1,0,1,1,1,1,1,0,2,0,1,0,2
916,2,1,1,2,0,0,0,0,0,0,2,1,1,1,0,2,1,0,2,0,0,0,0,0,0,0,0
917,1,1,1,2,1,0,0,1,2,1,2,1,1,1,0,0,1,0,2,0,0,0,0,1,1,0,0
918,0,1,0,2,1,0,0,0,1,1,1,1,1,1,0,1,1,1,1,0,0,1,0,0,1,0,0
919,1,1,2,3,0,0,0,2,2,1,2,2,1,0,0,2,1,0,0,0,1,0,0,3,0,0,0
920,1,1,1,2,1,0,0,0,0,1,2,1,1,1,0,2,1,0,2,0,0,0,0,1,1,0,0
921,0,1,1,3,1,0,0,0,1,1,1,1,1,1,0,1,1,0,2,0,1,1,0,1,1,0,0
922,0,1,1,2,1,1,1,0,1,1,2,1,1,1,0,0,1,1,1,0,1,1,0,1,1,0,0
923,1,1,1,2,0,3,3,0,1,1,2,0,0,1,1,1,1,1,2,2,3,0,2,1,0,0,2
924,0,1,2,2,0,0,0,1,1,1,2,1,1,0,0,0,1,1,3,0,0,1,0,2,0,0,2
925,2,1,1,1,0,1,1,1,3,0,1,0,0,1,0,3,1,1,0,0,1,0,0,2,0,0,2
926,2,1,1,1,0,0,0,2,3,0,1,0,1,1,0,3,1,1,2,0,0,0,0,3,0,0,0
927,0,1,1,2,1,0,0,0,2,1,0,0,0,1,0,2,1,1,1,0,1,1,0,0,0,0,2
928,0,1,1,1,1,1,1,0,0,1,0,0,1,1,0,0,1,1,1,0,1,0,0,1,1,0,0
929,0,1,2,3,1,3,3,0,1,1,2,0,0,0,1,0,1,0,1,1,2,1,3,1,1,0,1
930,0,1,1,1,1,0,0,1,2,1,1,2,1,1,0,0,1,1,1,0,0,0,0,2,0,0,0
931,0,0,0,2,1,0,0,1,2,1,2,1,1,1,0,0,1,1,1,0,0,1,0,1,1,0,0
932,0,1,1,2,1,0,0,0,1,1,3,1,1,1,0,0,1,1,1,0,1,0,0,0,1,0,0
933,0,1,1,2,1,3,3,1,1,1,2,0,0,1,1,0,1,1,3,2,2,1,1,1,1,0,2
934,0,1,1,2,0,0,0,0,2,1,2,2,2,1,0,2,1,1,1,0,0,0,0,2,0,0,0
935,2,1,2,3,0,0,0,0,0,1,0,2,1,0,0,2,1,0,0,0,1,0,0,1,0,0,0
936,0,1,1,2,1,0,0,0,1,1,1,1,1,1,0,0,1,1,1,0,0,1,0,0,1,0,0
937,1,1,1,1,1,0,0,2,2,1,2,2,2,1,0,2,1,1,2,0,0,0,0,2,1,0,0
938,0,0,0,1,1,0,0,1,2,1,2,1,1,1,0,0,1,1,1,0,0,1,0,1,1,0,2
939,1,1,1,2,1,3,3,2,2,1,2,0,0,1,1,1,1,1,0,2,2,1,0,2,1,2,2
940,0,1,1,2,1,0,0,1,1,1,2,1,1,1,0,0,1,1,1,0,0,1,0,1,1,0,0
941,2,1,0,3,1,2,1,1,3,1,1,0,0,1,0,3,1,0,0,1,1,0,0,1,0,1,2
942,2,1,2,3,0,0,0,0,2,1,1,1,1,0,0,2,1,0,0,0,0,0,0,1,0,0,0
943,0,1,1,2,1,0,0,0,1,1,0,1,1,1,0,1,1,1,1,0,0,1,0,0,1,0,0
944,0,1,2,2,1,0,0,0,1,1,3,1,1,1,0,0,1,0,1,0,0,1,0,0,1,0,0
945,0,1,1,2,0,0,0,1,1,1,2,1,1,1,0,1,1,1,1,0,1,0,0,2,0,0,0
946,0,1,1,3,1,0,0,0,1,1,1,1,1,1,0,0,1,0,3,0,1,1,0,1,1,0,0
947,1,1,0,2,0,0,0,1,2,0,0,2,2,1,0,2,1,1,0,0,0,0,0,3,0,0,0
948,2,1,1,1,0,0,0,1,2,1,0,2,1,1,0,2,1,1,3,0,1,0,0,2,0,0,0
949,2,1,0,1,0,1,1,0,0,0,1,0,0,1,0,2,1,0,0,0,1,0,0,1,0,0,2
950,0,1,0,2,1,0,0,2,2,1,2,1,1,1,0,0,1,1,1,0,0,1,0,2,1,0,0
951,0,1,1,2,1,1,1,0,1,1,2,0,0,1,0,0,1,1,1,0,0,1,0,0,1,0,2
952,1,1,1,3,1,0,0,0,1,1,3,1,1,1,0,0,1,0,0,0,0,1,0,0,1,0,0
953,1,1,1,2,1,0,0,1,2,1,2,1,1,1,0,1,1,0,2,0,1,1,0,2,1,0,0
954,0,1,1,1,0,0,0,1,1,1,1,2,1,1,0,1,1,1,1,0,0,1,0,3,0,0,1
955,0,1,2,2,1,2,1,2,2,1,3,0,0,1,0,0,1,1,2,0,0,0,1,2,1,0,2
956,1,1,1,3,1,1,1,0,1,1,2,0,0,1,0,0,1,0,0,0,0,0,0,1,1,0,2
957,1,1,2,2,1,0,0,0,1,1,1,0,0,1,0,0,1,0,0,0,1,0,0,0,1,0,1
958,1,1,1,2,0,0,0,2,2,1,1,0,0,1,0,2,1,1,3,0,0,0,0,3,0,0,2
959,0,1,1,3,1,1,1,0,1,1,3,0,0,1,0,0,1,0,1,0,0,0,0,0,1,0,1
960,1,1,1,2,1,3,3,1,2,1,3,0,0,1,1,0,1,1,2,0,1,0,0,2,1,0,2
961,2,1,2,3,1,0,0,2,2,1,2,2,2,0,0,0,1,0,0,0,1,0,0,2,1,0,0
962,0,1,1,3,1,0,0,0,1,1,1,1,1,1,0,0,1,0,1,0,0,0,0,0,1,0,0
963,1,1,0,2,0,3,3,1,1,1,1,0,0,1,1,1,1,0,2,1,2,0,0,3,0,0,2
964,2,1,1,3,0,0,0,1,3,0,2,2,1,1,0,3,1,0,0,0,0,0,0,1,0,0,0
965,1,0,0,1,1,0,0,0,2,1,2,1,1,1,0,0,1,1,1,0,0,0,0,2,0,0,1
966,1,1,0,1,1,1,0,2,2,1,2,0,0,1,0,1,1,1,1,0,1,0,0,3,1,0,2
967,1,1,1,1,1,0,0,1,2,1,2,2,1,1,0,1,1,1,1,0,1,0,0,1,1,0,1
968,0,1,1,3,1,0,0,0,1,1,2,1,1,1,0,0,1,0,1,0,0,0,0,1,1,0,0
969,2,1,2,3,0,0,0,0,3,0,1,1,1,0,0,3,1,0,0,0,0,1,0,2,0,0,0
970,1,1,2,2,1,2,2,0,1,1,1,0,0,1,1,1,1,0,3,0,1,0,0,0,1,0,2
971,1,1,0,2,1,3,3,1,2,1,1,0,0,1,2,2,1,1,2,2,2,0,2,1,1,0,2
972,1,1,1,3,1,3,3,0,1,1,1,0,0,1,1,1,1,0,0,2,2,0,0,1,1,1,0
973,0,1,0,1,1,0,0,0,1,1,2,1,1,1,0,0,1,1,1,0,0,1,0,1,1,0,0
974,1,1,1,2,0,0,0,2,2,0,2,1,1,1,0,2,1,1,2,0,0,0,0,3,0,0,0
975,2,1,1,3,0,0,0,1,3,0,1,1,1,1,0,3,1,0,0,0,0,0,0,3,0,0,0
976,1,1,2,3,1,0,0,1,2,1,1,1,1,0,0,1,1,0,0,0,0,0,0,1,1,0,0
977,1,0,0,1,1,0,0,0,1,1,1,2,2,1,0,0,1,1,2,0,0,0,0,0,1,0,0
978,0,1,2,3,1,0,0,0,1,1,2,2,1,0,0,0,1,0,1,0,0,0,0,0,1,0,0
979,1,1,1,2,1,1,1,0,1,1,2,0,0,1,0,0,1,1,2,0,0,0,0,0,1,0,0
980,1,1,1,2,0,0,0,1,2,0,2,1,1,1,0,2,1,0,2,0,0,0,0,3,0,0,2
981,1,1,1,3,1,0,0,2,2,1,1,1,1,1,0,0,1,0,0,0,1,0,0,3,1,0,0
982,1,1,2,3,0,0,0,1,2,1,2,2,2,0,0,2,1,0,0,0,0,0,0,3,0,0,0
983,3,1,0,1,0,2,1,1,3,0,2,0,0,1,0,3,1,1,0,0,0,0,0,3,0,0,2
984,0,1,1,2,1,0,0,2,2,1,1,1,1,1,0,0,1,1,1,0,0,0,0,2,1,0,0
985,0,1,1,2,1,0,0,1,1,1,2,1,1,1,0,0,1,0,1,0,0,0,0,2,1,0,0
986,0,1,1,3,1,0,0,1,2,1,2,1,1,1,0,1,1,0,1,0,1,0,0,2,1,0,0
987,0,1,1,2,1,0,0,1,2,1,1,1,1,1,0,0,1,0,3,0,0,0,0,1,1,0,0
988,1,0,0,1,1,2,1,2,2,1,2,0,0,1,0,1,1,1,2,0,1,1,0,3,1,0,2
989,1,1,1,2,1,0,0,0,1,1,0,0,0,1,0,1,1,0,2,0,0,0,0,0,1,0,1
990,2,1,2,2,0,0,0,0,0,0,1,1,1,1,0,3,1,0,2,0,1,0,0,2,0,0,0
991,2,1,0,2,1,3,3,1,2,1,1,0,0,1,1,0,1,0,2,1,1,0,1,1,1,3,2
992,2,1,1,2,0,0,0,2,3,0,1,1,1,1,0,3,1,0,2,0,1,0,0,3,0,0,0
993,1,0,0,1,1,0,0,0,0,1,1,0,0,1,0,1,1,1,3,0,0,0,0,0,1,0,2
994,2,1,1,2,1,3,3,1,3,1,2,0,0,1,1,0,1,0,0,1,1,0,0,2,0,0,2
995,1,1,1,0,1,0,0,1,1,1,2,1,1,1,0,0,1,1,1,0,0,0,0,1,1,0,2
996,1,1,1,2,0,0,0,1,1,1,2,1,1,1,0,0,1,1,2,0,1,0,0,3,0,0,0
997,0,1,2,3,1,0,0,2,2,1,1,1,1,0,0,1,1,0,1,0,0,1,0,3,0,0,0
998,2,1,2,3,0,0,0,1,3,0,2,2,2,0,0,3,1,0,0,0,0,0,0,3,0,0,0
999,0,1,1,2,1,3,3,0,1,1,0,0,0,1,1,0,1,0,1,0,1,0,1,0,1,2,2
